strategy,folds_seen,positive_oos_folds,oos_signals_total,oos_pf_mean,oos_pf_min,oos_avg_return_mean,oos_monthly_positive_ratio_mean,oos_worst_dd,oos_compound_return,gates_passed,gates_total,failure_reasons
UP20_SCORE80_NIKKEION_TP4.0_SL1.0_H1,3,3,168,10.569199844816334,5.940742980348628,4.183340261238343,61.53846153846154,-17.638287562522383,13.04866327815355,5,6,fold数不足(3/4)
UP25_SCORE80_NIKKEION_TP4.0_SL1.0_H1,3,3,168,10.569199844816334,5.940742980348628,4.183340261238343,61.53846153846154,-17.638287562522383,13.04866327815355,5,6,fold数不足(3/4)
UP30_SCORE80_NIKKEION_TP4.0_SL1.0_H1,3,3,168,10.569199844816334,5.940742980348628,4.183340261238343,61.53846153846154,-17.638287562522383,13.04866327815355,5,6,fold数不足(3/4)
UP20_SCORE80_NIKKEION_TP4.0_SL1.25_H1,3,3,168,9.675474250579093,5.256470754711722,4.120348662237482,61.53846153846154,-18.228312998411145,12.844476560582985,5,6,fold数不足(3/4)
UP25_SCORE80_NIKKEION_TP4.0_SL1.25_H1,3,3,168,9.675474250579093,5.256470754711722,4.120348662237482,61.53846153846154,-18.228312998411145,12.844476560582985,5,6,fold数不足(3/4)
UP30_SCORE80_NIKKEION_TP4.0_SL1.25_H1,3,3,168,9.675474250579093,5.256470754711722,4.120348662237482,61.53846153846154,-18.228312998411145,12.844476560582985,5,6,fold数不足(3/4)
UP20_SCORE80_NIKKEION_TP3.5_SL1.0_H1,3,3,168,9.946871320846869,5.7336855174588806,3.948923622209648,61.53846153846154,-17.638287562522383,12.295719563987006,5,6,fold数不足(3/4)
UP25_SCORE80_NIKKEION_TP3.5_SL1.0_H1,3,3,168,9.946871320846869,5.7336855174588806,3.948923622209648,61.53846153846154,-17.638287562522383,12.295719563987006,5,6,fold数不足(3/4)
UP30_SCORE80_NIKKEION_TP3.5_SL1.0_H1,3,3,168,9.946871320846869,5.7336855174588806,3.948923622209648,61.53846153846154,-17.638287562522383,12.295719563987006,5,6,fold数不足(3/4)
UP20_SCORE80_NIKKEION_TP3.5_SL1.25_H1,3,3,168,9.267900880303422,5.0732627785671465,3.8997610038816153,61.53846153846154,-18.228312998411145,12.137742068105828,5,6,fold数不足(3/4)
UP25_SCORE80_NIKKEION_TP3.5_SL1.25_H1,3,3,168,9.267900880303422,5.0732627785671465,3.8997610038816153,61.53846153846154,-18.228312998411145,12.137742068105828,5,6,fold数不足(3/4)
UP30_SCORE80_NIKKEION_TP3.5_SL1.25_H1,3,3,168,9.267900880303422,5.0732627785671465,3.8997610038816153,61.53846153846154,-18.228312998411145,12.137742068105828,5,6,fold数不足(3/4)
UP20_SCORE80_NIKKEION_TP3.0_SL1.0_H1,3,3,168,9.071979268074474,5.294766008226651,3.548095201707048,61.53846153846154,-17.638287562522383,11.011628743081104,5,6,fold数不足(3/4)
UP25_SCORE80_NIKKEION_TP3.0_SL1.0_H1,3,3,168,9.071979268074474,5.294766008226651,3.548095201707048,61.53846153846154,-17.638287562522383,11.011628743081104,5,6,fold数不足(3/4)
UP30_SCORE80_NIKKEION_TP3.0_SL1.0_H1,3,3,168,9.071979268074474,5.294766008226651,3.548095201707048,61.53846153846154,-17.638287562522383,11.011628743081104,5,6,fold数不足(3/4)
UP25_SCORE80_NIKKEION_TP3.0_SL1.25_H1,3,3,168,8.555240839428713,4.648148481813506,3.52063191433993,61.53846153846154,-18.228312998411145,10.922957898884157,5,6,fold数不足(3/4)
UP20_SCORE80_NIKKEION_TP4.0_SL1.5_H1,2,2,116,8.32465456283806,4.528209535144155,4.824178824512934,57.69230769230769,-20.83327712027012,9.868234909600426,5,6,fold数不足(2/4)
UP25_SCORE80_NIKKEION_TP4.0_SL1.5_H1,2,2,116,8.32465456283806,4.528209535144155,4.824178824512934,57.69230769230769,-20.83327712027012,9.868234909600426,5,6,fold数不足(2/4)
UP30_SCORE80_NIKKEION_TP4.0_SL1.5_H1,2,2,116,8.32465456283806,4.528209535144155,4.824178824512934,57.69230769230769,-20.83327712027012,9.868234909600426,5,6,fold数不足(2/4)
UP20_SCORE80_NIKKEION_TP3.5_SL1.5_H1,2,2,116,7.651099714929942,4.313560708493004,4.408575854011961,57.69230769230769,-20.83327712027011,9.002624177957163,5,6,fold数不足(2/4)
