# equal_weight_pnl_jpy is an APPROXIMATION: it simulates splitting a fixed ¥1,000,000 equally across that day's/month's entry-cohort candidates in each bucket and summing weight*return_pct/100 for the ones that have closed so far. It is NOT a true continuous equity curve (holds span multiple days, there is no shared/compounding capital pool), and rows for cohorts with still-open positions update on later runs as those trades close. Underlying trade rows (all_candidates_YYYY-MM.csv.gz) carry model_id/model_version identifying which directional model produced each candidate; rows predating that column (or with it blank) are defined as the legacy 2026-09-12 model and are never rewritten. Once a research model is frozen (see all_candidates_paper.py docstring), later rows keep using the frozen model_id even after the live model changes.
date,bucket,candidate_count,trades_closed,win_rate,avg_return_pct,equal_weight_pnl_jpy
2026-09-25,ALL,5,5,0.0,-2.4324477892636507,-24324.477892636514
2026-09-25,TOP1,1,1,0.0,-2.497179048407389,-24971.79048407389
2026-09-25,TOP3,3,3,0.0,-2.489608936013297,-24896.089360132974
2026-09-25,TOP5,5,5,0.0,-2.4324477892636507,-24324.477892636514
2026-09-30,ALL,23,9,0.0,-2.4995889809370335,-9781.000360188391
2026-09-30,TOP1,1,0,,,
2026-09-30,TOP3,3,0,,,
2026-09-30,TOP5,5,0,,,
2026-10-01,ALL,22,0,,,
2026-10-01,TOP1,1,0,,,
2026-10-01,TOP3,3,0,,,
2026-10-01,TOP5,5,0,,,
