date,ticker,company,direction,return_pct,volume_ratio,gap_pct,intraday_range_pct,ma25_gap_pct,rsi14,avg_volume20,market_nikkei_return_pct,cause,cause_confidence,topix_proxy_return_pct,vs_nikkei_pt,vs_topix_pt,upper_wick_pct,lower_wick_pct,body_pct,dist_from_20d_high_pct,failed_breakout,volume_accel_3v10,down_day_volume_bias,sector,news_headline
2026-09-09,5803.T,フジクラ,UP,8.066,0.964,5.253,4.663,2.67,52.99,52274710,-0.194,寄り付きギャップ(+5.3%),低,,,,,,,,,,,,
2026-09-09,9984.T,ソフトバンクG,UP,3.874,2.263,0.671,6.082,23.143,73.71,46348690,-0.194,出来高急増(2.3倍)＋25日線乖離(+23.1%)＋過熱圏(RSI≥70)＋日中値幅拡大(6.1%),高,,,,,,,,,,,,
2026-09-09,9501.T,東京電力HD,UP,3.305,0.997,-0.665,4.696,7.071,62.96,40080595,-0.194,25日線乖離(+7.1%),低,,,,,,,,,,,,
2026-09-09,4980.T,デクセリアルズ,UP,2.357,0.862,0.917,2.804,-5.778,42.84,1480660,-0.194,価格・出来高テクニカル要因のみでは主因を特定できず,低,,,,,,,,,,,,
2026-09-09,8058.T,三菱商事,UP,2.253,0.964,0.386,2.96,4.503,65.19,7467265,-0.194,25日線乖離(+4.5%),低,,,,,,,,,,,,
2026-09-09,6526.T,ソシオネクスト,DOWN,-1.814,0.946,1.236,3.595,-5.956,44.18,6223265,-0.194,25日線乖離(-6.0%),低,,,,,,,,,,,,
2026-09-09,8306.T,三菱UFJ,DOWN,-1.504,0.915,-1.504,2.204,-0.399,61.59,36267805,-0.194,価格・出来高テクニカル要因のみでは主因を特定できず,低,,,,,,,,,,,,
2026-09-09,6613.T,QDレーザ,DOWN,-0.828,0.613,0.879,5.172,-5.129,42.71,3545370,-0.194,25日線乖離(-5.1%),低,,,,,,,,,,,,
2026-09-09,285A.T,キオクシアHD,DOWN,-0.714,0.848,0.592,4.445,8.361,57.33,36271355,-0.194,価格・出来高テクニカル要因のみでは主因を特定できず,低,,,,,,,,,,,,
2026-09-10,5803.T,フジクラ,DOWN,-5.17,0.693,-1.82,5.249,-2.737,48.72,50565605,0.197,価格・出来高テクニカル要因のみでは主因を特定できず,低,,,,,,,,,,,,
2026-09-10,9501.T,東京電力HD,DOWN,-5.008,1.049,-0.365,5.701,1.556,49.24,40618495,0.197,価格・出来高テクニカル要因のみでは主因を特定できず,低,,,,,,,,,,,,
2026-09-10,6613.T,QDレーザ,UP,2.713,0.393,-1.408,5.487,-2.909,46.12,3421145,0.197,価格・出来高テクニカル要因のみでは主因を特定できず,低,,,,,,,,,,,,
2026-09-10,285A.T,キオクシアHD,UP,1.912,0.81,-0.035,4.844,10.116,56.9,35465045,0.197,25日線乖離(+10.1%),低,,,,,,,,,,,,
2026-09-10,8306.T,三菱UFJ,UP,1.694,1.008,-0.305,2.821,1.152,62.66,36052635,0.197,価格・出来高テクニカル要因のみでは主因を特定できず,低,,,,,,,,,,,,
2026-09-10,8031.T,三井物産,DOWN,-1.222,0.985,-0.233,1.558,2.633,59.0,5859300,0.197,価格・出来高テクニカル要因のみでは主因を特定できず,低,,,,,,,,,,,,
2026-09-10,7269.T,スズキ,UP,1.106,1.027,-0.98,2.517,-3.216,41.0,6144560,0.197,価格・出来高テクニカル要因のみでは主因を特定できず,低,,,,,,,,,,,,
2026-09-10,4980.T,デクセリアルズ,DOWN,-1.054,0.67,-1.107,2.69,-6.18,45.24,1474595,0.197,25日線乖離(-6.2%),低,,,,,,,,,,,,
2026-09-10,8058.T,三菱商事,DOWN,-1.012,0.998,-0.734,2.043,3.149,58.94,7554095,0.197,価格・出来高テクニカル要因のみでは主因を特定できず,低,,,,,,,,,,,,
2026-09-10,7203.T,トヨタ自動車,UP,0.774,0.816,-0.37,1.664,-1.968,37.79,22894915,0.197,価格・出来高テクニカル要因のみでは主因を特定できず,低,,,,,,,,,,,,
2026-09-11,285A.T,キオクシアHD,DOWN,-6.989,0.81,-5.164,4.158,2.01,55.54,34610160,-1.93,日経連動(-1.93%)＋寄り付きギャップ(-5.2%)＋日経比乖離大(-5.1pt、個別要因の可能性),中,-0.71,-5.059,-6.279,12.22,39.82,47.96,-14.71,False,0.963,1.02,,
2026-09-11,5803.T,フジクラ,DOWN,-4.358,0.772,-4.588,2.671,-7.243,49.38,49723525,-1.93,日経連動(-1.93%)＋寄り付きギャップ(-4.6%)＋25日線乖離(-7.2%),中,-0.71,-2.428,-3.648,69.7,21.21,9.09,-22.56,False,1.053,0.93,,
2026-09-11,9984.T,ソフトバンクG,DOWN,-3.965,1.365,-5.874,3.098,16.827,77.37,50570455,-1.93,日経連動(-1.93%)＋寄り付きギャップ(-5.9%),中,-0.71,-2.035,-3.255,7.61,26.4,65.99,-6.02,False,1.304,0.77,,
2026-09-11,6526.T,ソシオネクスト,DOWN,-2.264,1.033,-3.303,3.132,-6.862,41.04,5833550,-1.93,日経連動(-1.93%)＋寄り付きギャップ(-3.3%)＋25日線乖離(-6.9%),中,-0.71,-0.334,-1.555,16.96,48.21,34.82,-14.56,False,1.209,1.024,,
2026-09-11,4980.T,デクセリアルズ,UP,1.776,1.2,-1.776,4.218,-4.218,47.84,1501485,-1.93,日経比乖離大(+3.7pt、個別要因の可能性),低,-0.71,3.706,2.486,11.59,2.58,85.84,-13.13,False,1.121,0.985,,
2026-09-11,7269.T,スズキ,UP,1.765,1.213,-2.486,4.569,-1.64,42.41,6103650,-1.93,寄り付きギャップ(-2.5%)＋日経比乖離大(+3.7pt、個別要因の可能性)＋高値圏で引け(上ヒゲ小・買い継続),中,-0.71,3.695,2.475,1.68,2.79,95.53,-10.53,False,0.961,0.965,,
2026-09-11,9509.T,北海道電力,DOWN,-1.589,0.918,-2.517,3.632,2.34,58.13,2227135,-1.93,日経連動(-1.93%)＋寄り付きギャップ(-2.5%),中,-0.71,0.34,-0.88,31.65,41.77,26.58,-5.03,False,0.652,0.84,,
2026-09-11,7203.T,トヨタ自動車,UP,1.236,1.178,-1.453,3.051,-0.818,42.1,23152750,-1.93,日経比乖離大(+3.2pt、個別要因の可能性)＋高値圏で引け(上ヒゲ小・買い継続),低,-0.71,3.166,1.946,10.0,0.56,89.44,-7.28,False,0.954,1.039,,
2026-09-11,9501.T,東京電力HD,DOWN,-0.988,0.881,-2.435,4.184,0.523,51.29,40629895,-1.93,日経連動(-1.93%)＋寄り付きギャップ(-2.4%),中,-0.71,0.941,-0.279,42.53,21.72,35.75,-7.4,False,0.929,0.934,,
2026-09-11,8058.T,三菱商事,UP,0.361,1.287,-1.724,3.112,3.302,59.67,7592370,-1.93,25日線乖離(+3.3%),低,-0.71,2.291,1.071,20.39,11.18,68.42,-2.3,False,0.89,1.018,,
2026-09-14,9984.T,ソフトバンクグループ,DOWN,-10.719,1.268,-9.985,4.843,4.091,60.9,52562245,-0.81,日経連動(-0.81%)＋寄り付きギャップ(-10.0%)＋日経比乖離大(-9.9pt、個別要因の可能性),中,0.858,-9.909,-11.576,24.0,58.55,17.45,-16.09,False,1.057,0.777,通信サービス,SoftBank shares plunge as calls grow to slow AI development
2026-09-14,6702.T,富士通,UP,7.389,1.828,1.867,5.42,6.735,63.75,6197510,-0.81,出来高増(1.8倍)＋25日線乖離(+6.7%)＋日経比乖離大(+8.2pt、個別要因の可能性)＋高値圏で引け(上ヒゲ小・買い継続),中,0.858,8.198,6.531,0.0,0.0,100.0,0.88,False,1.304,0.719,情報技術,
2026-09-14,6701.T,日本電気,UP,6.9,1.222,1.543,5.637,1.836,56.62,6319430,-0.81,日経比乖離大(+7.7pt、個別要因の可能性)＋高値圏で引け(上ヒゲ小・買い継続),低,0.858,7.71,6.043,1.93,4.25,93.82,-4.06,False,0.96,0.88,情報技術,
2026-09-14,285A.T,キオクシアホールディングス,DOWN,-6.367,0.849,-8.384,5.028,-4.69,48.92,33607710,-0.81,日経連動(-0.81%)＋寄り付きギャップ(-8.4%)＋25日線乖離(-4.7%)＋日経比乖離大(-5.6pt、個別要因の可能性),高,0.858,-5.557,-7.225,24.08,31.43,44.49,-20.14,False,0.976,1.067,情報技術,
2026-09-14,6098.T,リクルートホールディングス,UP,6.355,1.264,2.581,4.138,0.273,49.13,4189905,-0.81,寄り付きギャップ(+2.6%)＋日経比乖離大(+7.2pt、個別要因の可能性)＋高値圏で引け(上ヒゲ小・買い継続),中,0.858,7.165,5.497,0.0,10.69,89.31,-9.5,False,1.086,0.963,通信サービス,
2026-09-14,4307.T,野村総合研究所,UP,6.223,1.156,2.693,4.024,3.129,52.96,2251845,-0.81,寄り付きギャップ(+2.7%)＋25日線乖離(+3.1%)＋日経比乖離大(+7.0pt、個別要因の可能性)＋高値圏で引け(上ヒゲ小・買い継続),中,0.858,7.033,5.365,7.92,6.44,85.64,-3.77,False,1.03,1.292,情報技術,
2026-09-14,3697.T,SHIFT,UP,6.028,1.053,3.2,3.665,-2.574,40.41,4771960,-0.81,寄り付きギャップ(+3.2%)＋日経比乖離大(+6.8pt、個別要因の可能性),中,0.858,6.837,5.17,10.51,14.33,75.16,-13.34,False,0.823,0.991,情報技術,
2026-09-14,4004.T,レゾナック・ホールディングス,DOWN,-5.981,1.965,-9.584,4.812,-16.03,30.34,1901805,-0.81,日経連動(-0.81%)＋出来高増(2.0倍)＋寄り付きギャップ(-9.6%)＋25日線乖離(-16.0%)＋日経比乖離大(-5.2pt、個別要因の可能性),高,0.858,-5.171,-6.839,10.48,6.45,83.06,-25.17,False,1.347,1.383,素材,
2026-09-14,6976.T,太陽誘電,DOWN,-5.375,0.964,-5.473,5.589,-8.488,43.44,26777985,-0.81,日経連動(-0.81%)＋寄り付きギャップ(-5.5%)＋25日線乖離(-8.5%)＋日経比乖離大(-4.6pt、個別要因の可能性),高,0.858,-4.565,-6.233,15.27,82.8,1.94,-24.23,False,1.111,0.941,情報技術,
2026-09-14,9502.T,中部電力,DOWN,-3.576,1.927,-1.738,6.046,-0.381,48.49,3097630,-0.81,日経連動(-0.81%)＋出来高増(1.9倍)＋日中値幅拡大(6.0%)＋下落日に出来高集中,中,0.858,-2.766,-4.434,44.77,23.26,31.98,-7.29,False,1.3,1.626,公益事業,
