date,sector,avg_return_pct,median_return_pct,n_tickers
2026-09-14,金融,1.546,1.618,22
2026-09-14,生活必需品,1.482,1.528,15
2026-09-14,通信サービス,1.405,2.162,11
2026-09-14,ヘルスケア,1.256,1.253,13
2026-09-14,不動産,0.871,0.868,6
2026-09-14,資本財・サービス,0.857,0.94,66
2026-09-14,一般消費財,0.561,0.461,34
2026-09-14,情報技術,0.367,-0.205,28
2026-09-14,エネルギー,0.152,-0.208,3
2026-09-14,公益事業,0.006,1.147,5
2026-09-14,素材,-0.316,0.079,21
2026-09-15,ヘルスケア,0.541,0.696,13
2026-09-15,通信サービス,0.388,-0.112,11
2026-09-15,情報技術,0.203,-0.278,28
2026-09-15,素材,0.202,0.093,21
2026-09-15,一般消費財,-0.306,-0.271,34
2026-09-15,生活必需品,-0.521,-0.683,15
2026-09-15,資本財・サービス,-0.677,-0.802,66
2026-09-15,公益事業,-0.918,-0.799,5
2026-09-15,金融,-1.632,-1.658,22
2026-09-15,不動産,-1.656,-1.643,6
2026-09-15,エネルギー,-1.91,-2.259,3
2026-09-16,エネルギー,4.149,4.31,3
2026-09-16,素材,2.286,2.21,21
2026-09-16,公益事業,1.372,1.454,5
2026-09-16,情報技術,1.184,1.264,28
2026-09-16,資本財・サービス,1.085,1.074,66
2026-09-16,不動産,0.319,0.068,6
2026-09-16,金融,0.161,0.013,22
2026-09-16,一般消費財,0.09,0.126,34
2026-09-16,生活必需品,-0.225,-0.203,15
2026-09-16,通信サービス,-0.629,-0.718,11
2026-09-16,ヘルスケア,-0.706,0.0,13
2026-09-17,ヘルスケア,2.754,2.656,13
2026-09-17,不動産,1.73,1.816,6
2026-09-17,生活必需品,1.623,1.559,15
2026-09-17,通信サービス,1.545,1.476,11
2026-09-17,一般消費財,1.272,1.363,34
2026-09-17,資本財・サービス,1.195,1.358,66
2026-09-17,公益事業,1.164,1.177,5
2026-09-17,金融,0.895,1.066,22
2026-09-17,素材,0.657,1.143,21
2026-09-17,情報技術,-0.58,-0.325,28
2026-09-17,エネルギー,-1.344,-0.984,3
2026-09-18,情報技術,2.113,1.277,28
2026-09-18,素材,-0.309,-0.72,21
2026-09-18,ヘルスケア,-0.313,-0.287,13
2026-09-18,資本財・サービス,-0.324,-0.72,66
2026-09-18,通信サービス,-0.773,-1.156,11
2026-09-18,金融,-0.86,-0.846,22
2026-09-18,一般消費財,-0.97,-1.087,34
2026-09-18,エネルギー,-1.213,-1.315,3
2026-09-18,生活必需品,-1.654,-1.679,15
2026-09-18,不動産,-1.837,-1.86,6
2026-09-18,公益事業,-1.947,-2.127,5
2026-09-18,情報技術,2.113,1.277,28
2026-09-18,素材,-0.309,-0.72,21
2026-09-18,ヘルスケア,-0.313,-0.287,13
2026-09-18,資本財・サービス,-0.324,-0.72,66
2026-09-18,通信サービス,-0.773,-1.156,11
2026-09-18,金融,-0.86,-0.846,22
2026-09-18,一般消費財,-0.97,-1.087,34
2026-09-18,エネルギー,-1.213,-1.315,3
2026-09-18,生活必需品,-1.654,-1.679,15
2026-09-18,不動産,-1.837,-1.86,6
2026-09-18,公益事業,-1.947,-2.127,5
2026-09-18,情報技術,2.113,1.277,28
2026-09-18,素材,-0.309,-0.72,21
2026-09-18,ヘルスケア,-0.313,-0.287,13
2026-09-18,資本財・サービス,-0.324,-0.72,66
2026-09-18,通信サービス,-0.773,-1.156,11
2026-09-18,金融,-0.86,-0.846,22
2026-09-18,一般消費財,-0.97,-1.087,34
2026-09-18,エネルギー,-1.213,-1.315,3
2026-09-18,生活必需品,-1.654,-1.679,15
2026-09-18,不動産,-1.837,-1.86,6
2026-09-18,公益事業,-1.947,-2.127,5
2026-09-18,情報技術,2.113,1.277,28
2026-09-18,素材,-0.309,-0.72,21
2026-09-18,ヘルスケア,-0.313,-0.287,13
2026-09-18,資本財・サービス,-0.324,-0.72,66
2026-09-18,通信サービス,-0.773,-1.156,11
2026-09-18,金融,-0.86,-0.846,22
2026-09-18,一般消費財,-0.97,-1.087,34
2026-09-18,エネルギー,-1.213,-1.315,3
2026-09-18,生活必需品,-1.654,-1.679,15
2026-09-18,不動産,-1.837,-1.86,6
2026-09-18,公益事業,-1.947,-2.127,5
2026-09-24,情報技術,1.783,1.44,28
2026-09-24,素材,0.76,0.336,21
2026-09-24,不動産,0.605,0.76,6
2026-09-24,資本財・サービス,0.239,0.074,66
2026-09-24,一般消費財,-0.088,-0.103,34
2026-09-24,生活必需品,-0.384,-0.393,15
2026-09-24,ヘルスケア,-0.674,-1.028,13
2026-09-24,エネルギー,-0.904,-0.664,3
2026-09-24,通信サービス,-1.268,-0.948,11
2026-09-24,金融,-1.603,-1.589,22
2026-09-24,公益事業,-3.489,-4.421,5
2026-09-25,金融,2.874,2.547,22
2026-09-25,情報技術,1.386,1.084,28
2026-09-25,ヘルスケア,1.063,1.087,13
2026-09-25,エネルギー,0.781,0.757,3
2026-09-25,資本財・サービス,0.571,0.692,66
2026-09-25,生活必需品,0.533,0.72,15
2026-09-25,一般消費財,0.505,0.537,34
2026-09-25,不動産,0.4,0.432,6
2026-09-25,素材,0.186,0.089,21
2026-09-25,公益事業,0.024,-0.199,5
2026-09-25,通信サービス,-0.19,0.0,11
2026-09-25,金融,2.874,2.547,22
2026-09-25,情報技術,1.386,1.084,28
2026-09-25,ヘルスケア,1.063,1.087,13
2026-09-25,エネルギー,0.781,0.757,3
2026-09-25,資本財・サービス,0.571,0.692,66
2026-09-25,生活必需品,0.533,0.72,15
2026-09-25,一般消費財,0.505,0.537,34
2026-09-25,不動産,0.4,0.432,6
2026-09-25,素材,0.186,0.089,21
2026-09-25,公益事業,0.024,-0.199,5
2026-09-25,通信サービス,-0.19,0.0,11
2026-09-29,情報技術,0.525,0.518,28
2026-09-29,ヘルスケア,-1.257,-1.547,13
2026-09-29,生活必需品,-1.445,-1.111,15
2026-09-29,一般消費財,-1.77,-1.71,34
2026-09-29,素材,-1.847,-1.974,21
2026-09-29,資本財・サービス,-2.03,-1.882,66
2026-09-29,通信サービス,-2.582,-1.905,11
2026-09-29,不動産,-2.889,-2.61,6
2026-09-29,公益事業,-3.079,-2.911,5
2026-09-29,金融,-3.365,-3.45,22
2026-09-29,エネルギー,-4.18,-3.85,3
2026-09-30,素材,2.189,1.734,21
2026-09-30,金融,2.022,1.92,22
2026-09-30,公益事業,1.874,1.893,5
2026-09-30,資本財・サービス,1.625,1.544,66
2026-09-30,不動産,1.519,1.295,6
2026-09-30,一般消費財,1.38,1.11,34
2026-09-30,情報技術,1.202,0.865,28
2026-09-30,通信サービス,1.199,0.608,11
2026-09-30,ヘルスケア,1.055,0.915,13
2026-09-30,生活必需品,0.798,0.569,15
2026-09-30,エネルギー,0.35,0.284,3
2026-10-01,情報技術,3.868,2.164,28
2026-10-01,通信サービス,0.806,0.102,11
2026-10-01,資本財・サービス,0.505,0.039,66
2026-10-01,ヘルスケア,0.195,-0.431,13
2026-10-01,一般消費財,-0.013,0.126,34
2026-10-01,生活必需品,-0.102,-0.045,15
2026-10-01,素材,-0.188,-0.692,21
2026-10-01,不動産,-0.402,-0.343,6
2026-10-01,金融,-1.294,-0.997,22
2026-10-01,公益事業,-1.732,-1.292,5
2026-10-01,エネルギー,-2.744,-2.743,3
2026-10-02,エネルギー,1.902,2.128,3
2026-10-02,情報技術,0.262,0.005,28
2026-10-02,公益事業,0.256,1.031,5
2026-10-02,資本財・サービス,-0.398,-0.903,66
2026-10-02,素材,-0.507,-1.024,21
2026-10-02,通信サービス,-0.824,-0.418,11
2026-10-02,生活必需品,-1.417,-1.235,15
2026-10-02,一般消費財,-1.676,-1.912,34
2026-10-02,金融,-1.822,-1.874,22
2026-10-02,ヘルスケア,-2.187,-2.316,13
2026-10-02,不動産,-2.302,-2.427,6
2026-10-02,エネルギー,1.902,2.128,3
2026-10-02,情報技術,0.262,0.005,28
2026-10-02,公益事業,0.256,1.031,5
2026-10-02,資本財・サービス,-0.398,-0.903,66
2026-10-02,素材,-0.507,-1.024,21
2026-10-02,通信サービス,-0.824,-0.418,11
2026-10-02,生活必需品,-1.417,-1.235,15
2026-10-02,一般消費財,-1.676,-1.912,34
2026-10-02,金融,-1.822,-1.874,22
2026-10-02,ヘルスケア,-2.187,-2.316,13
2026-10-02,不動産,-2.302,-2.427,6
2026-10-06,ヘルスケア,1.75,1.419,13
2026-10-06,金融,1.617,1.545,22
2026-10-06,情報技術,1.217,0.96,28
2026-10-06,素材,1.099,1.331,21
2026-10-06,エネルギー,0.887,1.011,3
2026-10-06,一般消費財,0.839,0.746,34
2026-10-06,資本財・サービス,0.427,0.252,66
2026-10-06,不動産,0.05,0.018,6
2026-10-06,生活必需品,-0.022,0.087,15
2026-10-06,公益事業,-0.121,-0.106,5
2026-10-06,通信サービス,-0.193,0.059,11
2026-10-07,公益事業,0.513,0.0,5
2026-10-07,生活必需品,0.15,0.226,15
2026-10-07,不動産,0.122,0.09,6
2026-10-07,一般消費財,0.076,0.001,34
2026-10-07,通信サービス,-0.039,0.238,11
2026-10-07,ヘルスケア,-0.227,-0.386,13
2026-10-07,資本財・サービス,-0.255,-0.204,66
2026-10-07,素材,-0.464,-0.397,21
2026-10-07,エネルギー,-0.515,-0.616,3
2026-10-07,情報技術,-0.724,-0.834,28
2026-10-07,金融,-1.685,-1.461,22
2026-10-08,通信サービス,0.035,0.722,11
2026-10-08,ヘルスケア,-0.179,-0.194,13
2026-10-08,一般消費財,-0.291,-0.07,34
2026-10-08,不動産,-0.311,-0.494,6
2026-10-08,生活必需品,-0.453,-0.429,15
2026-10-08,公益事業,-1.406,-1.327,5
2026-10-08,エネルギー,-1.474,-1.094,3
2026-10-08,情報技術,-1.649,-1.106,28
2026-10-08,資本財・サービス,-1.805,-1.989,66
2026-10-08,金融,-1.986,-2.298,22
2026-10-08,素材,-2.184,-2.053,21
