date,ticker,company,sector,direction,return_pct,volume_ratio,gap_pct,intraday_range_pct,ma25_gap_pct,rsi14,avg_volume20,market_nikkei_return_pct,topix_proxy_return_pct,vs_nikkei_pt,vs_topix_pt,upper_wick_pct,lower_wick_pct,body_pct,dist_from_20d_high_pct,failed_breakout,volume_accel_3v10,down_day_volume_bias,cause,cause_confidence,news_headline
2026-10-01,6920.T,レーザーテック,情報技術,UP,11.135,1.458,2.602,8.843,25.462,83.13,3639845,3.3,0.672,7.835,10.463,5.36,0.54,94.1,6.65,False,1.199,0.868,日経連動(+3.30%)＋出来高増(1.5倍)＋寄り付きギャップ(+2.6%)＋25日線乖離(+25.5%)＋過熱圏(RSI≥70),高,
2026-10-01,6857.T,アドバンテスト,情報技術,UP,9.778,1.54,2.014,7.642,12.933,62.95,9811470,3.3,0.672,6.478,9.106,0.0,0.37,99.63,5.38,False,1.484,0.731,日経連動(+3.30%)＋出来高増(1.5倍)＋寄り付きギャップ(+2.0%)＋25日線乖離(+12.9%)＋日中値幅拡大(7.6%),高,
2026-10-01,4062.T,イビデン,情報技術,UP,8.749,0.771,1.541,8.412,15.729,63.61,16429610,3.3,0.672,5.449,8.077,12.77,2.66,84.57,0.97,False,0.63,0.774,日経連動(+3.30%)＋25日線乖離(+15.7%)＋日中値幅拡大(8.4%)＋日経比乖離大(+5.4pt、個別要因の可能性),中,
2026-10-01,6981.T,村田製作所,情報技術,UP,8.432,1.429,3.172,5.786,13.897,73.86,21088285,3.3,0.672,5.132,7.76,9.4,2.35,88.25,2.67,False,1.098,0.978,日経連動(+3.30%)＋出来高増(1.4倍)＋寄り付きギャップ(+3.2%)＋25日線乖離(+13.9%)＋過熱圏(RSI≥70),高,
2026-10-01,6976.T,太陽誘電,情報技術,UP,8.323,1.147,1.609,9.362,9.823,62.19,27876835,3.3,0.672,5.022,7.651,16.53,12.09,71.38,1.46,False,1.058,0.871,日経連動(+3.30%)＋25日線乖離(+9.8%)＋日中値幅拡大(9.4%)＋日経比乖離大(+5.0pt、個別要因の可能性),中,"Japan’s TDK, Taiyo Yuden shares rise on AI electronics partnership"
2026-10-01,5019.T,出光興産,エネルギー,DOWN,-3.961,0.921,-0.629,4.1,-1.397,48.23,5755485,3.3,0.672,-7.261,-4.633,10.4,4.8,84.8,-10.59,False,0.987,1.173,日経比乖離大(-7.3pt、個別要因の可能性)＋安値圏で引け(下ヒゲ小・売り継続),低,
2026-10-01,8750.T,第一ライフグループ,金融,DOWN,-3.118,1.472,-1.679,2.519,-2.565,49.51,9663735,3.3,0.672,-6.418,-3.79,14.29,26.37,59.34,-6.7,False,1.21,1.254,出来高増(1.5倍)＋日経比乖離大(-6.4pt、個別要因の可能性),低,
2026-10-01,8306.T,三菱UFJフィナンシャル・グループ,金融,DOWN,-3.081,1.305,-1.27,2.544,-1.989,45.74,43567495,3.3,0.672,-6.381,-3.753,16.48,9.89,73.63,-5.51,False,1.125,0.92,日経比乖離大(-6.4pt、個別要因の可能性)＋安値圏で引け(下ヒゲ小・売り継続),低,
2026-10-01,8766.T,東京海上ホールディングス,金融,DOWN,-3.07,1.525,-2.809,3.67,-1.048,48.73,92916370,3.3,0.672,-6.37,-3.742,31.02,61.5,7.49,-6.54,False,1.073,1.205,出来高増(1.5倍)＋寄り付きギャップ(-2.8%)＋日経比乖離大(-6.4pt、個別要因の可能性),中,
2026-10-01,8267.T,イオン,一般消費財,DOWN,-3.026,1.047,-1.746,2.2,-7.081,23.86,11230925,3.3,0.672,-6.326,-3.698,40.0,0.0,60.0,-12.77,False,1.02,1.198,25日線乖離(-7.1%)＋売られ過ぎ(RSI≤30)＋日経比乖離大(-6.3pt、個別要因の可能性)＋安値圏で引け(下ヒゲ小・売り継続),中,
