date,rows,valid_prob,up20,up25,up30,up35,up40,up42_5,up45,up50,up55,up60,mean_up,median_up,max_up
2025-08-14,90,90,90,19,3,0,0,0,0,0,0,0,23.69751255598088,23.179939522239643,31.73002113321922
2025-08-15,90,90,75,12,1,0,0,0,0,0,0,0,22.340658149616253,21.956215680114582,30.634540047506917
2025-08-18,91,91,88,35,2,0,0,0,0,0,0,0,24.463563971071864,24.46240412606635,31.36778310335754
2025-08-19,91,91,91,91,67,11,0,0,0,0,0,0,31.88468256385552,32.31697502344061,36.98756070649058
2025-08-20,91,91,91,88,43,0,0,0,0,0,0,0,29.61563179141295,29.735686338611018,33.376178144154345
2025-08-21,90,90,90,89,67,2,0,0,0,0,0,0,31.007048525072545,31.49162037972176,35.68602254234796
2025-08-22,90,90,90,90,81,44,0,0,0,0,0,0,34.473269986088496,34.955214834412224,39.18528963673942
2025-08-25,90,90,90,89,68,10,0,0,0,0,0,0,31.726590264080112,32.015445134317204,36.50370919650644
2025-08-26,90,90,90,90,86,63,3,0,0,0,0,0,36.22834198385645,36.87236869659867,40.16140767801452
2025-08-27,90,90,90,90,88,63,7,0,0,0,0,0,36.33574917992759,36.84536703890765,41.339676276407936
2025-08-28,90,90,90,90,87,63,0,0,0,0,0,0,36.06077478417482,36.80139994249882,39.66649550335385
2025-08-29,90,90,90,90,84,50,0,0,0,0,0,0,34.81248318264088,35.65456548021744,39.2088580148449
2025-09-02,90,90,90,90,88,75,3,0,0,0,0,0,37.18691994286142,38.03364667118239,40.75213563043552
2025-09-03,90,90,90,88,45,0,0,0,0,0,0,0,29.811012972493064,30.030813604632492,34.24653975711252
2025-09-04,90,90,90,90,90,65,1,0,0,0,0,0,35.93751342176243,36.16701731970774,40.14746239580857
2025-09-05,90,90,90,90,90,84,45,3,0,0,0,0,39.298207356754325,39.99545146455479,43.51398295921036
2025-09-08,90,90,90,90,85,22,0,0,0,0,0,0,33.6359005675762,34.15420051171739,36.87535155224524
2025-09-09,90,90,90,90,81,27,0,0,0,0,0,0,33.483962439943326,33.96503309830388,37.00002120540827
2025-09-10,90,90,90,90,74,0,0,0,0,0,0,0,31.914835813565617,32.6129767525054,34.6349645238402
2025-09-11,90,90,90,90,75,0,0,0,0,0,0,0,31.34135177912593,31.66376240209807,34.19753180491813
2025-09-12,90,90,90,90,84,3,0,0,0,0,0,0,32.63527792592984,33.049480195412926,35.59672564680689
2025-09-16,90,90,90,90,80,10,0,0,0,0,0,0,32.77448071972065,32.88580013980882,36.12313249896412
2025-09-17,90,90,90,90,74,2,0,0,0,0,0,0,31.93790238266685,32.04593891663445,35.68195204693873
2025-09-18,90,90,90,90,70,3,0,0,0,0,0,0,31.696940281538485,31.687883452083966,35.32653566186944
2025-09-19,90,90,90,90,79,0,0,0,0,0,0,0,32.292391525863344,32.455994938757385,34.76346429030941
2025-09-22,90,90,90,90,86,18,0,0,0,0,0,0,33.06290838721606,33.274539276875004,37.18305451333085
2025-09-24,90,90,90,90,76,2,0,0,0,0,0,0,31.65342702210284,31.735417424736774,35.44862633311902
2025-09-25,90,90,90,90,73,0,0,0,0,0,0,0,31.535146066304314,31.684344686742,34.681140506032875
2025-09-26,90,90,90,90,66,0,0,0,0,0,0,0,31.35618695684677,31.649784524759546,34.881215863301726
2025-09-29,90,90,90,89,70,1,0,0,0,0,0,0,31.745455004480203,32.36779607976642,35.007658503305024
2025-09-30,90,90,90,90,87,48,0,0,0,0,0,0,34.73714351493121,35.5241596343584,38.34006412789542
2025-10-01,90,90,90,90,89,66,3,0,0,0,0,0,36.60028516713558,37.04649021832576,40.732462088826985
2025-10-02,90,90,90,90,90,61,1,0,0,0,0,0,36.010291858383695,36.12531960351491,40.28006634511769
2025-10-03,90,90,90,90,81,9,0,0,0,0,0,0,32.233369061534276,32.21142518319995,35.82689541248423
2025-10-06,90,90,90,90,69,0,0,0,0,0,0,0,31.07107645751517,31.312150871579696,33.41622625777288
2025-10-07,90,90,72,22,0,0,0,0,0,0,0,0,22.617849435259515,22.673825948249103,26.976891306499034
2025-10-08,91,91,91,91,62,0,0,0,0,0,0,0,31.022949176476967,31.21284965169097,34.89656269052782
2025-10-09,91,91,91,90,53,0,0,0,0,0,0,0,30.40971428109151,30.54369488909328,34.0384934930193
2025-10-10,91,91,91,91,76,2,0,0,0,0,0,0,31.606437450817424,31.61052143214949,36.15059011510905
2025-10-14,91,91,88,1,0,0,0,0,0,0,0,0,22.583287631880697,22.756152391767053,25.067706140490937
2025-10-15,91,91,91,91,79,5,0,0,0,0,0,0,32.15250941363768,32.304085499461344,36.06107685414098
2025-10-16,91,91,91,91,73,2,0,0,0,0,0,0,31.457882427500543,31.78675141915448,35.21770996962944
2025-10-17,91,91,91,90,39,1,0,0,0,0,0,0,29.64449472596188,29.43771916359053,35.94690938335484
2025-10-20,91,91,85,14,1,0,0,0,0,0,0,0,22.91711153361076,22.591398274879168,30.777433751437776
2025-10-21,91,91,45,6,0,0,0,0,0,0,0,0,20.582548707090172,19.94068266559588,29.215847473335145
2025-10-22,91,91,43,8,0,0,0,0,0,0,0,0,20.117178836804584,19.800030913205617,27.162506495192492
2025-10-23,91,91,75,13,2,0,0,0,0,0,0,0,22.33304050492703,21.83003607692948,31.21929582515463
2025-10-24,91,91,51,10,0,0,0,0,0,0,0,0,21.05851553313474,20.307448182159867,29.913470488539332
2025-10-27,91,91,44,8,0,0,0,0,0,0,0,0,20.45529246665637,19.88616713786975,27.16388430532829
2025-10-28,91,91,76,19,0,0,0,0,0,0,0,0,22.202537326540394,21.67416034482383,27.725114789834613
2025-10-29,91,91,41,1,0,0,0,0,0,0,0,0,19.511473742526924,19.447608287488404,25.159061963712904
2025-10-30,91,91,51,10,0,0,0,0,0,0,0,0,21.042380955848426,20.666662803014106,29.72329415548179
2025-10-31,91,91,46,5,0,0,0,0,0,0,0,0,20.129130390968218,20.27112199333596,28.114987503353216
2025-11-04,91,91,85,19,0,0,0,0,0,0,0,0,23.51287965822839,23.47723322046357,29.57228324598703
2025-11-05,91,91,88,31,2,0,0,0,0,0,0,0,23.718382125197767,23.131653814190734,32.768609655317555
2025-11-06,91,91,83,32,3,0,0,0,0,0,0,0,24.10673326730166,24.13608367713424,34.86346179577654
2025-11-07,91,91,91,60,10,1,0,0,0,0,0,0,26.357555061042564,25.987995404388165,35.17766131034152
2025-11-10,91,91,91,72,14,2,0,0,0,0,0,0,27.271104100151916,26.940587265735143,35.12202718079594
2025-11-11,91,91,91,46,9,0,0,0,0,0,0,0,25.6107382354526,25.01402869437029,34.87902372880474
2025-11-12,91,91,84,21,4,0,0,0,0,0,0,0,23.47268963401796,22.78504554193772,33.731990694545075
2025-11-13,91,91,76,18,4,1,0,0,0,0,0,0,23.174229698615722,22.55595616267701,37.248556053162055
2025-11-14,91,91,91,89,14,1,0,0,0,0,0,0,28.124543470754052,27.95593530930929,35.085917467496344
2025-11-17,91,91,91,91,52,3,0,0,0,0,0,0,30.52236991828391,30.45152143961959,36.23481476724126
2025-11-18,91,91,83,11,0,0,0,0,0,0,0,0,22.63679461672795,22.647503851380943,27.49788019134864
2025-11-19,91,91,23,0,0,0,0,0,0,0,0,0,18.11684735467431,17.84168307802643,23.533046464065187
2025-11-20,91,91,91,91,63,10,0,0,0,0,0,0,31.493864011025426,31.66609562633568,37.393034109728895
2025-11-21,91,91,91,33,0,0,0,0,0,0,0,0,24.161166871159242,23.84522862795303,29.58880035557929
2025-11-25,91,91,85,19,0,0,0,0,0,0,0,0,22.965629560685688,22.62236873224454,27.34787397835482
2025-11-26,91,91,89,18,0,0,0,0,0,0,0,0,23.572534433911493,23.333185576633728,29.30702591316251
2025-11-28,91,91,91,17,0,0,0,0,0,0,0,0,23.20098123262416,22.91969507453275,28.11415092905439
2025-12-01,91,91,91,41,0,0,0,0,0,0,0,0,24.82867064194518,24.686348508019368,29.905644342144456
2025-12-02,91,91,91,31,1,0,0,0,0,0,0,0,24.455851561577674,24.200789170410328,31.228014882541704
2025-12-03,91,91,91,46,0,0,0,0,0,0,0,0,24.882037219612698,25.011907473611533,29.461747468892035
2025-12-04,91,91,91,41,0,0,0,0,0,0,0,0,24.807425689665067,24.838032295085277,29.04556370809448
2025-12-05,91,91,91,29,0,0,0,0,0,0,0,0,24.485936263439207,24.367504082102812,28.59096714380412
2025-12-08,91,91,91,41,2,0,0,0,0,0,0,0,24.73063279774819,24.87097079509573,31.10517280508799
2025-12-09,91,91,91,34,1,0,0,0,0,0,0,0,24.829840447105003,24.47146944781761,30.288024672390712
2025-12-10,91,91,91,63,1,0,0,0,0,0,0,0,26.227877386399506,25.880833962006133,31.36007788999132
2025-12-11,91,91,91,56,3,0,0,0,0,0,0,0,25.62982777159899,25.53344090680084,30.603535605227385
2025-12-12,91,91,91,70,2,0,0,0,0,0,0,0,26.583974357708474,26.269209096743868,33.39140645779255
2025-12-15,91,91,91,44,1,0,0,0,0,0,0,0,24.862068235870996,24.947092947376344,30.367084072310057
2025-12-16,91,91,91,45,0,0,0,0,0,0,0,0,24.90682148319007,24.980668432889782,29.74882654108047
2025-12-17,91,91,89,34,0,0,0,0,0,0,0,0,24.00510262154073,24.082470512575902,28.9158094724457
2025-12-18,91,91,91,91,47,0,0,0,0,0,0,0,30.252192970467014,30.512540077007557,32.642827255915385
2025-12-19,91,91,91,91,84,0,0,0,0,0,0,0,31.28965166198256,31.473521427255687,32.382247735126555
2025-12-22,91,91,91,91,86,0,0,0,0,0,0,0,31.7698427295667,31.6987496842817,33.59020992836923
2025-12-23,91,91,91,91,87,8,0,0,0,0,0,0,32.85619500019022,32.81349719529252,36.193554781736594
2025-12-24,91,91,91,91,90,5,0,0,0,0,0,0,32.71736129331948,32.75781266849517,36.66621802968224
2025-12-26,91,91,91,91,89,0,0,0,0,0,0,0,32.54538498703608,32.636864435934044,34.43228999973965
2025-12-29,91,91,91,91,89,31,0,0,0,0,0,0,34.201741154633275,34.50081619761614,36.85710357606239
2025-12-30,92,92,92,92,92,0,0,0,0,0,0,0,32.81437129803776,32.94916222159033,34.35094146884119
2026-01-05,92,92,92,92,78,0,0,0,0,0,0,0,30.949210352379584,30.99715348996982,33.194255118849284
2026-01-06,92,92,92,92,92,39,0,0,0,0,0,0,34.83324225699228,34.8291125335531,36.675625892285176
2026-01-07,92,92,92,92,92,56,0,0,0,0,0,0,35.19176684064628,35.143186465386975,36.862615056411016
2026-01-08,92,92,92,92,92,89,0,0,0,0,0,0,37.453500901836506,37.308194041620716,39.914681903522535
2026-01-09,91,91,91,91,91,86,0,0,0,0,0,0,36.602946405207454,36.73267334678281,38.57302574889842
2026-01-13,91,91,91,91,91,83,0,0,0,0,0,0,36.45218123912098,36.48314768682698,39.3651376457091
2026-01-14,91,91,91,91,55,0,0,0,0,0,0,0,30.2111961285933,30.292066244838036,32.73953851456581
2026-01-15,91,91,91,91,90,1,0,0,0,0,0,0,32.58843435756116,32.50569934403325,35.033592972723056
2026-01-16,91,91,91,91,91,2,0,0,0,0,0,0,33.07178630294223,32.93345502677518,35.14899302582919
2026-01-20,91,91,91,91,91,12,0,0,0,0,0,0,33.91826822515126,34.030548160173154,37.503844901461264
2026-01-21,91,91,91,91,91,75,0,0,0,0,0,0,36.15242149492167,36.420192349858894,39.23690043366254
2026-01-22,91,91,91,91,91,76,0,0,0,0,0,0,36.03688351818726,36.31272306935222,38.40054884636098
2026-01-23,91,91,91,91,91,5,0,0,0,0,0,0,33.91589169284088,34.00934407187186,36.12678857144566
2026-01-26,91,91,91,91,91,85,0,0,0,0,0,0,37.54229581694006,37.87222347515489,39.52738572948055
2026-01-27,91,91,91,91,91,87,0,0,0,0,0,0,36.962048491232146,37.14781242104503,38.92592834875574
2026-01-28,91,91,91,91,91,90,29,0,0,0,0,0,39.11721745918793,39.328576522920585,42.22911487953011
2026-01-29,91,91,91,91,91,89,9,0,0,0,0,0,38.364444530083084,38.44477344497509,40.97845712385877
2026-01-30,92,92,92,92,92,91,17,0,0,0,0,0,38.765684925211325,38.8256194832407,41.40011707966698
2026-02-02,93,93,93,93,93,87,18,0,0,0,0,0,38.46047095605407,38.41271868786295,41.55896797153442
2026-02-03,93,93,93,93,93,88,0,0,0,0,0,0,37.15901070606618,37.415132321467205,39.74191750703688
2026-02-04,93,93,93,93,93,84,0,0,0,0,0,0,36.73752057289393,36.83923722433777,39.73989044206578
2026-02-05,93,93,93,93,93,86,0,0,0,0,0,0,36.78837850497494,36.83108476435302,39.43118397858685
2026-02-06,93,93,93,93,93,88,6,0,0,0,0,0,37.482684031594204,37.33584664528276,41.80785428434552
2026-02-09,93,93,93,53,0,0,0,0,0,0,0,0,25.802628994598244,26.04485908438371,29.96109672833487
2026-02-10,93,93,93,93,55,0,0,0,0,0,0,0,30.36226268907175,30.34163373113979,34.74344727147261
2026-02-12,93,93,93,93,65,0,0,0,0,0,0,0,30.626417856765496,30.61927177470431,33.424076972844105
2026-02-13,93,93,93,93,85,0,0,0,0,0,0,0,32.05481493280508,32.15350389635454,34.96134787472259
2026-02-17,93,93,93,93,89,16,0,0,0,0,0,0,33.58767019185584,33.94261576217398,37.41784748167905
2026-02-18,93,93,93,93,88,19,0,0,0,0,0,0,33.57473108007104,33.49415667459159,37.21641761177652
2026-02-19,93,93,93,93,89,21,0,0,0,0,0,0,33.671211471555715,33.819182886605375,36.8548805695867
2026-02-20,93,93,93,93,86,10,0,0,0,0,0,0,33.02232778935615,33.199552884783,36.90060369610185
2026-02-24,93,93,93,93,93,43,0,0,0,0,0,0,34.77270148745272,34.904670011945136,38.50379432173507
2026-02-25,93,93,93,93,73,32,1,0,0,0,0,0,32.94020362324207,33.02941510971228,40.12903920779525
2026-02-26,93,93,93,93,67,15,0,0,0,0,0,0,31.98071312369727,32.517645355731275,38.869434370478565
2026-02-27,93,93,93,93,91,39,2,0,0,0,0,0,34.20965613191945,34.22691917260654,41.49720384807824
2026-03-02,93,93,93,93,91,52,13,2,0,0,0,0,35.534851946524086,35.37841922156322,44.86426790340492
2026-03-03,93,93,93,93,93,89,59,34,9,0,0,0,40.96435133134727,41.26644866084733,47.74478942441368
2026-03-04,93,93,93,93,59,5,0,0,0,0,0,0,30.59006163185157,30.501809083936987,35.780936061654124
2026-03-05,93,93,93,92,81,52,14,6,0,0,0,0,35.50645046647085,35.839605959946205,44.932278330169126
2026-03-06,93,93,93,87,44,11,2,1,0,0,0,0,30.307759885206895,29.82579639196212,42.803764558522985
2026-03-09,93,93,93,93,58,1,0,0,0,0,0,0,30.677272752931163,30.648798492662937,36.57877663609288
2026-03-10,93,93,93,93,80,18,0,0,0,0,0,0,32.91129325883854,32.771292621927486,38.4623184575121
2026-03-11,93,93,93,93,88,40,7,0,0,0,0,0,34.86737280856109,34.44943747293008,41.63932624833489
2026-03-12,93,93,93,93,84,21,0,0,0,0,0,0,33.050606283427605,32.71179489496427,39.57113584879952
2026-03-13,93,93,93,93,65,11,0,0,0,0,0,0,31.54711712652375,31.50748888366655,37.97421133185134
2026-03-16,93,93,93,93,71,10,0,0,0,0,0,0,31.614299050842344,31.06199927984006,38.949960063228886
2026-03-17,93,93,93,93,58,9,0,0,0,0,0,0,31.050065865018908,30.796676675550444,38.84120846204377
2026-03-18,93,93,93,93,79,26,0,0,0,0,0,0,33.2320659484686,33.12948770252394,38.86054307062196
2026-03-19,93,93,93,93,72,13,0,0,0,0,0,0,32.381401184403984,32.1910067134723,38.66951853280435
2026-03-23,93,93,93,69,3,0,0,0,0,0,0,0,26.168290809543276,25.767047329292847,30.568185562165905
2026-03-24,93,93,93,93,29,0,0,0,0,0,0,0,29.176170493223253,29.2342163643102,33.31433325520626
2026-03-25,93,93,93,93,92,59,0,0,0,0,0,0,35.32879608979805,35.615273157232124,39.79236535836927
2026-03-26,93,93,93,93,88,20,0,0,0,0,0,0,33.53424280730889,33.6100533553365,39.54185196456566
2026-03-27,93,93,93,93,90,66,8,0,0,0,0,0,36.31145869581601,36.72080262876148,41.33572922636042
2026-03-30,93,93,93,93,63,3,0,0,0,0,0,0,31.257034547659153,30.94587258664037,36.3215816050832
2026-03-31,93,93,93,93,82,3,0,0,0,0,0,0,31.87220885440951,31.53054527203825,37.79493891536246
2026-04-01,93,93,93,93,93,42,1,0,0,0,0,0,35.03860037760824,34.91455041195762,40.49822223118122
2026-04-02,93,93,93,93,93,46,2,0,0,0,0,0,34.964301457269414,34.97515668038116,40.33478052546059
2026-04-06,93,93,93,93,87,43,3,0,0,0,0,0,34.24554458995325,34.75161866272939,41.15817036397615
2026-04-07,93,93,93,93,90,37,1,0,0,0,0,0,34.587266224937196,34.58396126382576,40.53850876769532
2026-04-08,93,93,93,93,92,31,0,0,0,0,0,0,34.10851815621205,34.14938020295344,38.301714106612216
2026-04-09,93,93,93,93,93,36,2,0,0,0,0,0,35.07165357785504,34.58828105297826,41.48961683865549
2026-04-10,93,93,93,93,93,59,9,0,0,0,0,0,36.08540455926773,35.731157884154804,42.319080824146944
2026-04-13,93,93,93,93,93,79,11,1,0,0,0,0,37.21407470216733,36.86317125156072,44.44520862357322
2026-04-14,93,93,93,93,91,20,0,0,0,0,0,0,33.527670784185965,32.982216912357494,39.432044251278576
2026-04-15,93,93,93,93,91,40,4,0,0,0,0,0,34.45210221509001,34.113362069071954,40.97169374700104
2026-04-16,93,93,93,90,29,4,0,0,0,0,0,0,28.966956088115463,28.852658913837587,38.25777203543861
2026-04-17,92,92,92,88,34,4,0,0,0,0,0,0,29.551773621263752,29.216960604357965,37.99843820838169
2026-04-20,92,92,92,86,42,8,0,0,0,0,0,0,29.801639272204532,29.49840650027008,39.51503113336868
2026-04-21,92,92,92,92,84,21,3,0,0,0,0,0,33.218162910487415,32.66702755684173,40.88942427772703
2026-04-22,92,92,92,92,80,18,2,0,0,0,0,0,32.786357833467505,32.12652569794621,41.5608369650243
2026-04-23,92,92,92,92,40,9,0,0,0,0,0,0,30.212150134784352,29.592247106824438,39.72636295953282
2026-04-24,92,92,5,4,0,0,0,0,0,0,0,0,15.943745333847449,15.477250491622438,29.16409889664132
2026-04-27,92,92,17,9,4,1,0,0,0,0,0,0,17.783213389751506,16.367708702749823,37.92501911247796
2026-04-28,92,92,7,6,3,1,0,0,0,0,0,0,16.520025974730157,15.337865571412376,35.43744871165365
2026-04-30,92,92,37,7,4,1,0,0,0,0,0,0,19.839095517369238,19.201023021590913,35.94757734981721
2026-05-01,92,92,31,7,4,2,0,0,0,0,0,0,20.198638515699034,19.23899700766544,36.66147622712842
2026-05-07,92,92,17,8,3,1,0,0,0,0,0,0,17.662968249602486,15.802043316457473,38.08210605559446
2026-05-08,92,92,10,6,3,0,0,0,0,0,0,0,16.263580011605708,15.129261820685915,33.94220992737375
2026-05-11,92,92,13,9,6,2,0,0,0,0,0,0,17.892205199764145,16.074958385227966,39.40972942173771
2026-05-12,92,92,10,3,2,1,0,0,0,0,0,0,16.145365079655786,15.251088202094122,37.37439773794163
2026-05-13,92,92,9,4,2,1,0,0,0,0,0,0,15.816810954284927,14.894982160130407,36.77058063709664
2026-05-14,92,92,18,5,3,1,0,0,0,0,0,0,18.48561016971737,17.485823666976902,36.55803744459893
2026-05-15,92,92,31,5,2,1,0,0,0,0,0,0,19.453064607062974,19.084270230326933,36.655040729557165
2026-05-18,92,92,34,3,0,0,0,0,0,0,0,0,19.24970105336823,19.38448562218708,27.11168953419188
2026-05-19,93,93,76,11,1,0,0,0,0,0,0,0,22.241317540443056,21.966964732813484,31.960679839865136
2026-05-20,93,93,52,0,0,0,0,0,0,0,0,0,20.16457654964556,20.429815507296198,24.498790755357025
2026-05-21,93,93,93,34,7,2,0,0,0,0,0,0,24.778325624965557,24.229918752900016,35.82611930566541
2026-05-22,93,93,69,17,6,3,0,0,0,0,0,0,22.592084624846592,21.49034807041128,38.21825924294105
2026-05-26,93,93,15,7,3,0,0,0,0,0,0,0,17.565750942676917,16.00961763304577,34.436906659525505
2026-05-27,93,93,13,7,3,2,1,0,0,0,0,0,16.594742710530543,14.875021284857729,40.42758318125222
2026-05-28,93,93,10,7,4,2,1,1,0,0,0,0,16.532337273232134,15.343346862747165,42.93676060354245
2026-05-29,93,93,14,9,5,2,0,0,0,0,0,0,17.360764184219843,16.036590816491035,38.68739811195281
2026-06-01,93,93,12,9,6,2,1,0,0,0,0,0,17.147827440812343,15.561083459628785,41.11809833465759
2026-06-02,93,93,15,9,7,3,2,1,0,0,0,0,17.964838470200966,16.178175231597898,43.366209225885655
2026-06-03,93,93,11,8,4,1,0,0,0,0,0,0,17.182019987593886,16.17922215000252,39.867053810229606
2026-06-04,93,93,17,10,7,3,1,0,0,0,0,0,19.377003696389245,17.661666948457476,41.97009833325039
2026-06-05,93,93,12,9,3,1,0,0,0,0,0,0,18.01786094688574,17.20641701478875,36.11391647242434
2026-06-08,93,93,37,3,0,0,0,0,0,0,0,0,19.085837301709997,18.747241034462984,26.102114995806357
2026-06-09,93,93,76,12,5,0,0,0,0,0,0,0,22.390718242651396,22.05466695313836,33.684808379636635
2026-06-10,93,93,55,7,0,0,0,0,0,0,0,0,20.72547618165351,20.92669487872624,26.522154575165047
2026-06-11,93,93,46,1,0,0,0,0,0,0,0,0,20.10564328635318,19.83034483501517,26.071251797429028
2026-06-12,93,93,93,14,7,2,0,0,0,0,0,0,23.53636392593326,22.615464766927055,39.15220118399429
2026-06-15,93,93,26,11,5,2,0,0,0,0,0,0,19.49180459261876,18.195873381746587,38.86187560356093
2026-06-16,93,93,19,11,6,1,0,0,0,0,0,0,18.064628745681652,16.37131814896034,36.929981537633495
2026-06-17,93,93,17,8,3,1,0,0,0,0,0,0,17.336624007921422,15.92583551098514,35.90946408491004
2026-06-18,92,92,18,10,4,0,0,0,0,0,0,0,17.40954035359813,15.452057764605918,33.810843355967776
2026-06-22,93,93,16,11,5,2,0,0,0,0,0,0,17.445011143047108,15.372267809437815,37.98445596815517
2026-06-23,92,92,20,9,4,2,1,1,0,0,0,0,19.563162582918547,18.4199600192692,42.850045175288976
2026-06-24,92,92,56,11,1,0,0,0,0,0,0,0,21.26322434563422,21.192020738506496,33.63189358409113
2026-06-25,92,92,32,9,6,1,0,0,0,0,0,0,20.069574628781556,18.879326368326588,37.43380250546179
2026-06-26,92,92,65,8,7,2,0,0,0,0,0,0,21.761468559934965,20.780766060034246,38.254680777233936
2026-06-29,92,92,92,92,92,51,7,5,1,0,0,0,35.76832205713089,35.15801614333377,45.60560828753019
2026-06-30,92,92,92,92,92,42,7,6,2,0,0,0,35.415952783852575,34.73723192092676,46.0578353163113
2026-07-01,92,92,92,92,92,24,9,3,1,0,0,0,35.01718368872051,34.13485470172186,46.81257497178643
2026-07-02,92,92,92,92,92,86,15,7,3,0,0,0,37.784807805697604,36.94107776327975,48.66996331465005
2026-07-06,92,92,92,92,40,7,1,0,0,0,0,0,30.655404901571018,29.611131174487504,41.23996541350942
2026-07-07,92,92,92,92,92,34,1,0,0,0,0,0,34.73392788463074,34.62164746375639,42.17464946737656
2026-07-08,92,92,92,92,85,8,0,0,0,0,0,0,32.66989709531031,32.936660696735956,36.98256319280382
2026-07-09,92,92,92,92,78,8,0,0,0,0,0,0,32.14768240606102,31.900582816520156,37.36798754466589
2026-07-10,92,92,92,92,89,27,2,0,0,0,0,0,34.12092263195074,34.005172436648465,40.22724045596195
2026-07-13,92,92,92,92,92,88,20,5,0,0,0,0,38.434018806492894,38.15506879166365,44.898633008573874
2026-07-14,92,92,92,92,75,0,0,0,0,0,0,0,31.862837995780943,32.16153791332091,34.954115538461444
2026-07-15,92,92,92,92,85,28,0,0,0,0,0,0,33.52846935584126,33.4813549021342,39.49231501902156
2026-07-16,92,92,92,92,21,0,0,0,0,0,0,0,28.956937139578955,28.954039951658743,31.90368049709853
2026-07-17,92,92,92,92,26,0,0,0,0,0,0,0,29.19958816042175,28.950745484113952,32.84812100436107
2026-07-21,92,92,92,85,0,0,0,0,0,0,0,0,26.68259913709149,26.829797593442755,29.22043479901691
2026-07-22,92,92,92,72,0,0,0,0,0,0,0,0,25.9951494343633,26.023530978706745,28.7398118434822
2026-07-23,92,92,92,92,6,0,0,0,0,0,0,0,28.564428346378183,28.621057211196344,30.39239021708329
2026-07-24,92,92,92,92,77,0,0,0,0,0,0,0,31.596516662514762,31.883487295469585,33.95488117228142
2026-07-27,92,92,92,92,73,0,0,0,0,0,0,0,30.787532125919007,30.920904236312232,33.50126046108456
2026-07-28,92,92,92,92,85,6,0,0,0,0,0,0,32.29553253622954,32.19878550618881,36.08524141341894
2026-07-29,92,92,92,92,92,31,0,0,0,0,0,0,34.3992802099908,34.27089741632054,38.18347002705041
2026-07-30,92,92,92,92,91,39,0,0,0,0,0,0,34.74003866276521,34.617204597500304,39.38403576063831
2026-07-31,92,92,92,90,4,0,0,0,0,0,0,0,27.66427933500731,27.573702357460345,30.701671016383177
2026-08-03,92,92,92,92,17,0,0,0,0,0,0,0,28.721999828895772,28.64822246172506,33.274689586539594
2026-08-04,92,92,92,90,46,0,0,0,0,0,0,0,29.650550073083785,30.115851600636,33.35569852447358
2026-08-05,92,92,92,89,19,0,0,0,0,0,0,0,28.6004460176412,28.745104791786545,33.01191656015064
2026-08-06,92,92,92,92,58,0,0,0,0,0,0,0,30.36958745405425,30.72681858931074,33.50474667493252
2026-08-07,92,92,92,92,59,0,0,0,0,0,0,0,30.6374382900393,30.87568864767789,34.80306716587554
2026-08-10,92,92,92,92,75,1,0,0,0,0,0,0,30.92849651366157,31.04158208907727,35.09314084136071
2026-08-12,92,92,92,92,85,34,0,0,0,0,0,0,34.06959107393097,34.05156530518845,39.69260253196946
2026-08-13,92,92,92,92,87,28,1,0,0,0,0,0,33.819345989539514,33.59881956124653,40.12788557465576
2026-08-14,92,92,92,92,92,50,0,0,0,0,0,0,35.54242784838787,35.37103086714287,38.941393508974656
2026-08-17,42,42,42,42,42,35,11,0,0,0,0,0,37.99512791239545,38.46392183623692,42.25044096125784
2026-08-18,29,29,29,29,29,29,12,6,0,0,0,0,40.09148263407847,39.712807813616685,44.58649488716895
2026-08-19,1,1,1,1,0,0,0,0,0,0,0,0,29.755454684216176,29.755454684216176,29.755454684216176
2026-08-20,1,1,1,1,0,0,0,0,0,0,0,0,27.846204864821477,27.846204864821477,27.846204864821477
