fold,phase,up,score,nikkei,candidate_count
1,DEV,45,50,False,1118
1,DEV,45,50,True,1017
1,DEV,45,60,False,696
1,DEV,45,60,True,659
1,DEV,45,70,False,362
1,DEV,45,70,True,351
1,DEV,45,80,False,79
1,DEV,45,80,True,77
1,DEV,50,50,False,116
1,DEV,50,50,True,106
1,DEV,50,60,False,66
1,DEV,50,60,True,64
1,DEV,50,70,False,32
1,DEV,50,70,True,32
1,DEV,50,80,False,4
1,DEV,50,80,True,4
1,DEV,55,50,False,4
1,DEV,55,50,True,1
1,DEV,55,60,False,0
1,DEV,55,60,True,0
1,DEV,55,70,False,0
1,DEV,55,70,True,0
1,DEV,55,80,False,0
1,DEV,55,80,True,0
1,DEV,60,50,False,0
1,DEV,60,50,True,0
1,DEV,60,60,False,0
1,DEV,60,60,True,0
1,DEV,60,70,False,0
1,DEV,60,70,True,0
1,DEV,60,80,False,0
1,DEV,60,80,True,0
1,DEV,65,50,False,0
1,DEV,65,50,True,0
1,DEV,65,60,False,0
1,DEV,65,60,True,0
1,DEV,65,70,False,0
1,DEV,65,70,True,0
1,DEV,65,80,False,0
1,DEV,65,80,True,0
1,VALIDATION,45,50,False,331
1,VALIDATION,45,50,True,112
1,VALIDATION,45,60,False,186
1,VALIDATION,45,60,True,50
1,VALIDATION,45,70,False,94
1,VALIDATION,45,70,True,14
1,VALIDATION,45,80,False,16
1,VALIDATION,45,80,True,3
1,VALIDATION,50,50,False,13
1,VALIDATION,50,50,True,0
1,VALIDATION,50,60,False,9
1,VALIDATION,50,60,True,0
1,VALIDATION,50,70,False,3
1,VALIDATION,50,70,True,0
1,VALIDATION,50,80,False,1
1,VALIDATION,50,80,True,0
1,VALIDATION,55,50,False,0
1,VALIDATION,55,50,True,0
1,VALIDATION,55,60,False,0
1,VALIDATION,55,60,True,0
1,VALIDATION,55,70,False,0
1,VALIDATION,55,70,True,0
1,VALIDATION,55,80,False,0
1,VALIDATION,55,80,True,0
1,VALIDATION,60,50,False,0
1,VALIDATION,60,50,True,0
1,VALIDATION,60,60,False,0
1,VALIDATION,60,60,True,0
1,VALIDATION,60,70,False,0
1,VALIDATION,60,70,True,0
1,VALIDATION,60,80,False,0
1,VALIDATION,60,80,True,0
1,VALIDATION,65,50,False,0
1,VALIDATION,65,50,True,0
1,VALIDATION,65,60,False,0
1,VALIDATION,65,60,True,0
1,VALIDATION,65,70,False,0
1,VALIDATION,65,70,True,0
1,VALIDATION,65,80,False,0
1,VALIDATION,65,80,True,0
1,OOS,45,50,False,216
1,OOS,45,50,True,192
1,OOS,45,60,False,120
1,OOS,45,60,True,105
1,OOS,45,70,False,19
1,OOS,45,70,True,17
1,OOS,45,80,False,3
1,OOS,45,80,True,3
1,OOS,50,50,False,49
1,OOS,50,50,True,49
1,OOS,50,60,False,25
1,OOS,50,60,True,25
1,OOS,50,70,False,9
1,OOS,50,70,True,9
1,OOS,50,80,False,2
1,OOS,50,80,True,2
1,OOS,55,50,False,3
1,OOS,55,50,True,3
1,OOS,55,60,False,1
1,OOS,55,60,True,1
1,OOS,55,70,False,1
1,OOS,55,70,True,1
1,OOS,55,80,False,1
1,OOS,55,80,True,1
1,OOS,60,50,False,0
1,OOS,60,50,True,0
1,OOS,60,60,False,0
1,OOS,60,60,True,0
1,OOS,60,70,False,0
1,OOS,60,70,True,0
1,OOS,60,80,False,0
1,OOS,60,80,True,0
1,OOS,65,50,False,0
1,OOS,65,50,True,0
1,OOS,65,60,False,0
1,OOS,65,60,True,0
1,OOS,65,70,False,0
1,OOS,65,70,True,0
1,OOS,65,80,False,0
1,OOS,65,80,True,0
2,DEV,45,50,False,1712
2,DEV,45,50,True,1503
2,DEV,45,60,False,1016
2,DEV,45,60,True,913
2,DEV,45,70,False,467
2,DEV,45,70,True,417
2,DEV,45,80,False,92
2,DEV,45,80,True,82
2,DEV,50,50,False,120
2,DEV,50,50,True,107
2,DEV,50,60,False,66
2,DEV,50,60,True,64
2,DEV,50,70,False,32
2,DEV,50,70,True,32
2,DEV,50,80,False,4
2,DEV,50,80,True,4
2,DEV,55,50,False,4
2,DEV,55,50,True,1
2,DEV,55,60,False,0
2,DEV,55,60,True,0
2,DEV,55,70,False,0
2,DEV,55,70,True,0
2,DEV,55,80,False,0
2,DEV,55,80,True,0
2,DEV,60,50,False,0
2,DEV,60,50,True,0
2,DEV,60,60,False,0
2,DEV,60,60,True,0
2,DEV,60,70,False,0
2,DEV,60,70,True,0
2,DEV,60,80,False,0
2,DEV,60,80,True,0
2,DEV,65,50,False,0
2,DEV,65,50,True,0
2,DEV,65,60,False,0
2,DEV,65,60,True,0
2,DEV,65,70,False,0
2,DEV,65,70,True,0
2,DEV,65,80,False,0
2,DEV,65,80,True,0
2,VALIDATION,45,50,False,327
2,VALIDATION,45,50,True,192
2,VALIDATION,45,60,False,190
2,VALIDATION,45,60,True,105
2,VALIDATION,45,70,False,60
2,VALIDATION,45,70,True,17
2,VALIDATION,45,80,False,8
2,VALIDATION,45,80,True,3
2,VALIDATION,50,50,False,59
2,VALIDATION,50,50,True,49
2,VALIDATION,50,60,False,34
2,VALIDATION,50,60,True,25
2,VALIDATION,50,70,False,12
2,VALIDATION,50,70,True,9
2,VALIDATION,50,80,False,3
2,VALIDATION,50,80,True,2
2,VALIDATION,55,50,False,3
2,VALIDATION,55,50,True,3
2,VALIDATION,55,60,False,1
2,VALIDATION,55,60,True,1
2,VALIDATION,55,70,False,1
2,VALIDATION,55,70,True,1
2,VALIDATION,55,80,False,1
2,VALIDATION,55,80,True,1
2,VALIDATION,60,50,False,0
2,VALIDATION,60,50,True,0
2,VALIDATION,60,60,False,0
2,VALIDATION,60,60,True,0
2,VALIDATION,60,70,False,0
2,VALIDATION,60,70,True,0
2,VALIDATION,60,80,False,0
2,VALIDATION,60,80,True,0
2,VALIDATION,65,50,False,0
2,VALIDATION,65,50,True,0
2,VALIDATION,65,60,False,0
2,VALIDATION,65,60,True,0
2,VALIDATION,65,70,False,0
2,VALIDATION,65,70,True,0
2,VALIDATION,65,80,False,0
2,VALIDATION,65,80,True,0
2,OOS,45,50,False,332
2,OOS,45,50,True,318
2,OOS,45,60,False,157
2,OOS,45,60,True,153
2,OOS,45,70,False,80
2,OOS,45,70,True,80
2,OOS,45,80,False,5
2,OOS,45,80,True,5
2,OOS,50,50,False,73
2,OOS,50,50,True,68
2,OOS,50,60,False,6
2,OOS,50,60,True,4
2,OOS,50,70,False,0
2,OOS,50,70,True,0
2,OOS,50,80,False,0
2,OOS,50,80,True,0
2,OOS,55,50,False,28
2,OOS,55,50,True,28
2,OOS,55,60,False,2
2,OOS,55,60,True,2
2,OOS,55,70,False,0
2,OOS,55,70,True,0
2,OOS,55,80,False,0
2,OOS,55,80,True,0
2,OOS,60,50,False,9
2,OOS,60,50,True,9
2,OOS,60,60,False,0
2,OOS,60,60,True,0
2,OOS,60,70,False,0
2,OOS,60,70,True,0
2,OOS,60,80,False,0
2,OOS,60,80,True,0
2,OOS,65,50,False,0
2,OOS,65,50,True,0
2,OOS,65,60,False,0
2,OOS,65,60,True,0
2,OOS,65,70,False,0
2,OOS,65,70,True,0
2,OOS,65,80,False,0
2,OOS,65,80,True,0
3,DEV,45,50,False,1800
3,DEV,45,50,True,1522
3,DEV,45,60,False,1074
3,DEV,45,60,True,925
3,DEV,45,70,False,500
3,DEV,45,70,True,423
3,DEV,45,80,False,97
3,DEV,45,80,True,84
3,DEV,50,50,False,130
3,DEV,50,50,True,107
3,DEV,50,60,False,75
3,DEV,50,60,True,64
3,DEV,50,70,False,35
3,DEV,50,70,True,32
3,DEV,50,80,False,5
3,DEV,50,80,True,4
3,DEV,55,50,False,4
3,DEV,55,50,True,1
3,DEV,55,60,False,0
3,DEV,55,60,True,0
3,DEV,55,70,False,0
3,DEV,55,70,True,0
3,DEV,55,80,False,0
3,DEV,55,80,True,0
3,DEV,60,50,False,0
3,DEV,60,50,True,0
3,DEV,60,60,False,0
3,DEV,60,60,True,0
3,DEV,60,70,False,0
3,DEV,60,70,True,0
3,DEV,60,80,False,0
3,DEV,60,80,True,0
3,DEV,65,50,False,0
3,DEV,65,50,True,0
3,DEV,65,60,False,0
3,DEV,65,60,True,0
3,DEV,65,70,False,0
3,DEV,65,70,True,0
3,DEV,65,80,False,0
3,DEV,65,80,True,0
3,VALIDATION,45,50,False,590
3,VALIDATION,45,50,True,510
3,VALIDATION,45,60,False,301
3,VALIDATION,45,60,True,258
3,VALIDATION,45,70,False,113
3,VALIDATION,45,70,True,97
3,VALIDATION,45,80,False,10
3,VALIDATION,45,80,True,8
3,VALIDATION,50,50,False,122
3,VALIDATION,50,50,True,117
3,VALIDATION,50,60,False,31
3,VALIDATION,50,60,True,29
3,VALIDATION,50,70,False,9
3,VALIDATION,50,70,True,9
3,VALIDATION,50,80,False,2
3,VALIDATION,50,80,True,2
3,VALIDATION,55,50,False,31
3,VALIDATION,55,50,True,31
3,VALIDATION,55,60,False,3
3,VALIDATION,55,60,True,3
3,VALIDATION,55,70,False,1
3,VALIDATION,55,70,True,1
3,VALIDATION,55,80,False,1
3,VALIDATION,55,80,True,1
3,VALIDATION,60,50,False,9
3,VALIDATION,60,50,True,9
3,VALIDATION,60,60,False,0
3,VALIDATION,60,60,True,0
3,VALIDATION,60,70,False,0
3,VALIDATION,60,70,True,0
3,VALIDATION,60,80,False,0
3,VALIDATION,60,80,True,0
3,VALIDATION,65,50,False,0
3,VALIDATION,65,50,True,0
3,VALIDATION,65,60,False,0
3,VALIDATION,65,60,True,0
3,VALIDATION,65,70,False,0
3,VALIDATION,65,70,True,0
3,VALIDATION,65,80,False,0
3,VALIDATION,65,80,True,0
3,OOS,45,50,False,117
3,OOS,45,50,True,0
3,OOS,45,60,False,25
3,OOS,45,60,True,0
3,OOS,45,70,False,4
3,OOS,45,70,True,0
3,OOS,45,80,False,1
3,OOS,45,80,True,0
3,OOS,50,50,False,44
3,OOS,50,50,True,0
3,OOS,50,60,False,2
3,OOS,50,60,True,0
3,OOS,50,70,False,0
3,OOS,50,70,True,0
3,OOS,50,80,False,0
3,OOS,50,80,True,0
3,OOS,55,50,False,32
3,OOS,55,50,True,0
3,OOS,55,60,False,0
3,OOS,55,60,True,0
3,OOS,55,70,False,0
3,OOS,55,70,True,0
3,OOS,55,80,False,0
3,OOS,55,80,True,0
3,OOS,60,50,False,17
3,OOS,60,50,True,0
3,OOS,60,60,False,0
3,OOS,60,60,True,0
3,OOS,60,70,False,0
3,OOS,60,70,True,0
3,OOS,60,80,False,0
3,OOS,60,80,True,0
3,OOS,65,50,False,9
3,OOS,65,50,True,0
3,OOS,65,60,False,0
3,OOS,65,60,True,0
3,OOS,65,70,False,0
3,OOS,65,70,True,0
3,OOS,65,80,False,0
3,OOS,65,80,True,0
4,DEV,45,50,False,2043
4,DEV,45,50,True,1699
4,DEV,45,60,False,1206
4,DEV,45,60,True,1018
4,DEV,45,70,False,531
4,DEV,45,70,True,438
4,DEV,45,80,False,101
4,DEV,45,80,True,86
4,DEV,50,50,False,179
4,DEV,50,50,True,156
4,DEV,50,60,False,100
4,DEV,50,60,True,89
4,DEV,50,70,False,44
4,DEV,50,70,True,41
4,DEV,50,80,False,7
4,DEV,50,80,True,6
4,DEV,55,50,False,7
4,DEV,55,50,True,4
4,DEV,55,60,False,1
4,DEV,55,60,True,1
4,DEV,55,70,False,1
4,DEV,55,70,True,1
4,DEV,55,80,False,1
4,DEV,55,80,True,1
4,DEV,60,50,False,0
4,DEV,60,50,True,0
4,DEV,60,60,False,0
4,DEV,60,60,True,0
4,DEV,60,70,False,0
4,DEV,60,70,True,0
4,DEV,60,80,False,0
4,DEV,60,80,True,0
4,DEV,65,50,False,0
4,DEV,65,50,True,0
4,DEV,65,60,False,0
4,DEV,65,60,True,0
4,DEV,65,70,False,0
4,DEV,65,70,True,0
4,DEV,65,80,False,0
4,DEV,65,80,True,0
4,VALIDATION,45,50,False,464
4,VALIDATION,45,50,True,333
4,VALIDATION,45,60,False,194
4,VALIDATION,45,60,True,165
4,VALIDATION,45,70,False,86
4,VALIDATION,45,70,True,82
4,VALIDATION,45,80,False,7
4,VALIDATION,45,80,True,6
4,VALIDATION,50,50,False,117
4,VALIDATION,50,50,True,68
4,VALIDATION,50,60,False,8
4,VALIDATION,50,60,True,4
4,VALIDATION,50,70,False,0
4,VALIDATION,50,70,True,0
4,VALIDATION,50,80,False,0
4,VALIDATION,50,80,True,0
4,VALIDATION,55,50,False,60
4,VALIDATION,55,50,True,28
4,VALIDATION,55,60,False,2
4,VALIDATION,55,60,True,2
4,VALIDATION,55,70,False,0
4,VALIDATION,55,70,True,0
4,VALIDATION,55,80,False,0
4,VALIDATION,55,80,True,0
4,VALIDATION,60,50,False,26
4,VALIDATION,60,50,True,9
4,VALIDATION,60,60,False,0
4,VALIDATION,60,60,True,0
4,VALIDATION,60,70,False,0
4,VALIDATION,60,70,True,0
4,VALIDATION,60,80,False,0
4,VALIDATION,60,80,True,0
4,VALIDATION,65,50,False,9
4,VALIDATION,65,50,True,0
4,VALIDATION,65,60,False,0
4,VALIDATION,65,60,True,0
4,VALIDATION,65,70,False,0
4,VALIDATION,65,70,True,0
4,VALIDATION,65,80,False,0
4,VALIDATION,65,80,True,0
4,OOS,45,50,False,1259
4,OOS,45,50,True,1254
4,OOS,45,60,False,956
4,OOS,45,60,True,951
4,OOS,45,70,False,548
4,OOS,45,70,True,543
4,OOS,45,80,False,114
4,OOS,45,80,True,112
4,OOS,50,50,False,459
4,OOS,50,50,True,459
4,OOS,50,60,False,351
4,OOS,50,60,True,351
4,OOS,50,70,False,224
4,OOS,50,70,True,224
4,OOS,50,80,False,43
4,OOS,50,80,True,43
4,OOS,55,50,False,65
4,OOS,55,50,True,65
4,OOS,55,60,False,54
4,OOS,55,60,True,54
4,OOS,55,70,False,41
4,OOS,55,70,True,41
4,OOS,55,80,False,5
4,OOS,55,80,True,5
4,OOS,60,50,False,0
4,OOS,60,50,True,0
4,OOS,60,60,False,0
4,OOS,60,60,True,0
4,OOS,60,70,False,0
4,OOS,60,70,True,0
4,OOS,60,80,False,0
4,OOS,60,80,True,0
4,OOS,65,50,False,0
4,OOS,65,50,True,0
4,OOS,65,60,False,0
4,OOS,65,60,True,0
4,OOS,65,70,False,0
4,OOS,65,70,True,0
4,OOS,65,80,False,0
4,OOS,65,80,True,0
