as_of,period,ticker,company,trades,win_rate_pct,avg_return_pct,total_pnl,tp_count,sl_count,other_result_breakdown,low_sample
2026-10-09,all,7267.T,本田技研工業,1,100.0,0.339,2829.99,0,0,HOLD_LIMIT:1,True
2026-10-09,all,4062.T,4062.T,1,0.0,-0.11,-1092.96,0,0,FORCED_CLOSE_BUDGET_BUG:1,True
2026-10-09,all,4812.T,電通総研,1,0.0,-0.145,-1447.83,0,0,FORCED_CLOSE_BUDGET_BUG:1,True
2026-10-09,all,6098.T,6098.T,1,0.0,-0.419,-4132.32,0,0,FORCED_CLOSE_BUDGET_BUG:1,True
2026-10-09,all,6472.T,NTN,1,0.0,-2.586,-24594.72,0,1,,True
2026-10-09,all,5019.T,出光興産,1,0.0,-3.178,-31511.64,0,1,,True
2026-10-09,recent_30d,7267.T,本田技研工業,1,100.0,0.339,2829.99,0,0,HOLD_LIMIT:1,True
2026-10-09,recent_30d,6472.T,NTN,1,0.0,-2.586,-24594.72,0,1,,True
2026-10-09,recent_30d,5019.T,出光興産,1,0.0,-3.178,-31511.64,0,1,,True
