strategy,year,signals,avg_return,total_return,wins,losses,holds,win_rate
UP50_NIKKEIOFF_BASE,2019,48,1.4527093751171292,69.7300500056222,4,15,29,21.052631578947366
UP50_NIKKEIOFF_BASE,2020,121,-0.2250070882079462,-27.225857673161492,19,80,22,19.19191919191919
UP50_NIKKEIOFF_BASE,2021,48,1.720987681627241,82.60740871810756,6,17,25,26.08695652173913
UP50_NIKKEIOFF_BASE,2022,70,-1.0828634191324973,-75.80043933927482,2,54,14,3.571428571428571
UP50_NIKKEIOFF_BASE,2023,38,2.8195552151365604,107.1430981751893,12,9,17,57.14285714285714
UP50_NIKKEIOFF_BASE,2024,94,3.916553202070206,368.15600099459937,19,31,44,38.0
UP50_NIKKEIOFF_BASE,2025,108,1.1862905478645993,128.1193791693767,16,51,41,23.88059701492537
UP50_NIKKEIOFF_BASE,2026,112,2.356824810924347,263.96437882352683,48,40,24,54.54545454545454
UP50_NIKKEIOFF_TESTA55,2019,30,1.0344948074307883,31.03484422292365,2,10,18,16.666666666666664
UP50_NIKKEIOFF_TESTA55,2020,10,-5.699933632424171,-56.99933632424172,0,10,0,0.0
UP50_NIKKEIOFF_TESTA55,2021,39,1.5458237321363884,60.28712555331914,5,16,18,23.809523809523807
UP50_NIKKEIOFF_TESTA55,2022,49,-1.2374418651426895,-60.63465139199179,1,38,10,2.564102564102564
UP50_NIKKEIOFF_TESTA55,2023,4,5.130052393069714,20.520209572278855,2,0,2,100.0
UP50_NIKKEIOFF_TESTA55,2024,34,-0.9004205096557387,-30.614297328295116,4,24,6,14.285714285714285
UP50_NIKKEIOFF_TESTA55,2025,24,-2.576706475968912,-61.84095542325389,2,21,1,8.695652173913043
UP50_NIKKEIOFF_TESTA55,2026,112,2.356824810924347,263.96437882352683,48,40,24,54.54545454545454
UP50_NIKKEIOFF_TESTA65,2019,28,1.3084493702322681,36.63658236650351,4,8,16,33.33333333333333
UP50_NIKKEIOFF_TESTA65,2020,4,-6.150573997597288,-24.602295990389152,0,4,0,0.0
UP50_NIKKEIOFF_TESTA65,2021,35,1.43176140217838,50.111649076243296,5,16,14,23.809523809523807
UP50_NIKKEIOFF_TESTA65,2022,41,-1.3848590242440422,-56.77921999400573,1,33,7,2.941176470588235
UP50_NIKKEIOFF_TESTA65,2024,26,-0.6619822304691089,-17.21153799219683,3,18,5,14.285714285714285
UP50_NIKKEIOFF_TESTA65,2025,11,-4.022649915541426,-44.24914907095569,0,11,0,0.0
UP50_NIKKEIOFF_TESTA65,2026,112,2.356824810924347,263.96437882352683,48,40,24,54.54545454545454
UP50_NIKKEIOFF_TESTA75,2019,21,0.7788735669460268,16.356344905866564,1,7,13,12.5
UP50_NIKKEIOFF_TESTA75,2020,1,-4.449583836793311,-4.449583836793311,0,1,0,0.0
UP50_NIKKEIOFF_TESTA75,2021,27,2.1133214510295875,57.059679177798856,5,10,12,33.33333333333333
UP50_NIKKEIOFF_TESTA75,2022,37,-1.7273262944948975,-63.911072896311204,0,31,6,0.0
UP50_NIKKEIOFF_TESTA75,2024,14,-0.10836065282992191,-1.5170491396189068,1,8,5,11.11111111111111
UP50_NIKKEIOFF_TESTA75,2025,8,-4.178506614236112,-33.4280529138889,0,8,0,0.0
UP50_NIKKEIOFF_TESTA75,2026,111,2.367698934678217,262.81458174928207,48,40,23,54.54545454545454
UP50_NIKKEION_BASE,2019,28,-0.1410619695181571,-3.9497351465083987,0,13,15,0.0
UP50_NIKKEION_BASE,2021,38,1.5622522693724274,59.36558623615225,5,17,16,22.727272727272727
UP50_NIKKEION_BASE,2022,50,-1.4998575571937676,-74.99287785968838,1,40,9,2.4390243902439024
UP50_NIKKEION_BASE,2023,10,0.7900783620699394,7.900783620699395,0,3,7,0.0
UP50_NIKKEION_BASE,2024,83,3.5161345679316027,291.83916913832303,19,31,33,38.0
UP50_NIKKEION_BASE,2026,112,2.356824810924347,263.96437882352683,48,40,24,54.54545454545454
UP50_NIKKEION_TESTA55,2019,20,-0.1497777440894708,-2.995554881789416,0,9,11,0.0
UP50_NIKKEION_TESTA55,2021,36,1.5248505228577014,54.89461882287725,5,16,15,23.809523809523807
UP50_NIKKEION_TESTA55,2022,39,-1.4332518995571168,-55.896824082727555,1,31,7,3.125
UP50_NIKKEION_TESTA55,2024,34,-0.9004205096557387,-30.614297328295116,4,24,6,14.285714285714285
UP50_NIKKEION_TESTA55,2026,112,2.356824810924347,263.96437882352683,48,40,24,54.54545454545454
UP50_NIKKEION_TESTA65,2019,18,-0.20449973097041166,-3.68099515746741,0,8,10,0.0
UP50_NIKKEION_TESTA65,2021,35,1.43176140217838,50.111649076243296,5,16,14,23.809523809523807
UP50_NIKKEION_TESTA65,2022,32,-1.6262935213981717,-52.041392684741496,1,26,5,3.7037037037037033
UP50_NIKKEION_TESTA65,2024,26,-0.6619822304691089,-17.21153799219683,3,18,5,14.285714285714285
UP50_NIKKEION_TESTA65,2026,112,2.356824810924347,263.96437882352683,48,40,24,54.54545454545454
UP50_NIKKEION_TESTA75,2019,15,-0.34290188456309706,-5.143528268446456,0,7,8,0.0
UP50_NIKKEION_TESTA75,2021,27,2.1133214510295875,57.059679177798856,5,10,12,33.33333333333333
UP50_NIKKEION_TESTA75,2022,30,-2.049626570850733,-61.48879712552199,0,26,4,0.0
UP50_NIKKEION_TESTA75,2024,14,-0.10836065282992191,-1.5170491396189068,1,8,5,11.11111111111111
UP50_NIKKEION_TESTA75,2026,111,2.367698934678217,262.81458174928207,48,40,23,54.54545454545454
UP55_NIKKEIOFF_BASE,2019,20,3.4095166854294234,68.19033370858847,3,3,14,50.0
UP55_NIKKEIOFF_BASE,2020,90,-1.4052037128519679,-126.4683341566771,11,69,10,13.750000000000002
UP55_NIKKEIOFF_BASE,2021,1,-2.2673005469840453,-2.2673005469840453,0,1,0,0.0
UP55_NIKKEIOFF_BASE,2022,23,-1.4593405113703553,-33.56483176151817,0,20,3,0.0
UP55_NIKKEIOFF_BASE,2023,4,4.41789966302897,17.67159865211588,1,0,3,100.0
UP55_NIKKEIOFF_BASE,2024,72,2.762241405590086,198.88138120248618,15,29,28,34.090909090909086
UP55_NIKKEIOFF_BASE,2025,39,-0.32832920662302345,-12.804839058297915,4,24,11,14.285714285714285
UP55_NIKKEIOFF_BASE,2026,37,3.9636151529422237,146.65376065886227,26,6,5,81.25
UP55_NIKKEIOFF_TESTA55,2019,1,-2.9325812510485236,-2.9325812510485236,0,1,0,0.0
UP55_NIKKEIOFF_TESTA55,2020,6,-5.909010571333788,-35.454063428002726,0,6,0,0.0
UP55_NIKKEIOFF_TESTA55,2021,1,-2.2673005469840453,-2.2673005469840453,0,1,0,0.0
UP55_NIKKEIOFF_TESTA55,2022,6,-1.6049871004311853,-9.629922602587111,0,6,0,0.0
UP55_NIKKEIOFF_TESTA55,2024,18,-0.12890822521851922,-2.320348053933346,2,11,5,15.384615384615385
UP55_NIKKEIOFF_TESTA55,2025,18,-3.4935101441566436,-62.88318259481959,1,17,0,5.555555555555555
UP55_NIKKEIOFF_TESTA55,2026,37,3.9636151529422237,146.65376065886227,26,6,5,81.25
UP55_NIKKEIOFF_TESTA65,2020,3,-5.613443208525577,-16.840329625576732,0,3,0,0.0
UP55_NIKKEIOFF_TESTA65,2022,1,-1.5490687264060723,-1.5490687264060723,0,1,0,0.0
UP55_NIKKEIOFF_TESTA65,2024,2,-3.8633709727361896,-7.726741945472379,0,2,0,0.0
UP55_NIKKEIOFF_TESTA65,2025,1,-4.364586870689763,-4.364586870689763,0,1,0,0.0
UP55_NIKKEIOFF_TESTA65,2026,37,3.9636151529422237,146.65376065886227,26,6,5,81.25
UP55_NIKKEIOFF_TESTA75,2020,1,-4.449583836793311,-4.449583836793311,0,1,0,0.0
UP55_NIKKEIOFF_TESTA75,2022,1,-1.5490687264060723,-1.5490687264060723,0,1,0,0.0
UP55_NIKKEIOFF_TESTA75,2025,1,-4.364586870689763,-4.364586870689763,0,1,0,0.0
UP55_NIKKEIOFF_TESTA75,2026,37,3.9636151529422237,146.65376065886227,26,6,5,81.25
UP55_NIKKEION_BASE,2019,10,1.3281146812171776,13.281146812171775,1,3,6,25.0
UP55_NIKKEION_BASE,2021,1,-2.2673005469840453,-2.2673005469840453,0,1,0,0.0
UP55_NIKKEION_BASE,2022,23,-1.4593405113703553,-33.56483176151817,0,20,3,0.0
UP55_NIKKEION_BASE,2024,72,2.762241405590086,198.88138120248618,15,29,28,34.090909090909086
UP55_NIKKEION_BASE,2026,37,3.9636151529422237,146.65376065886227,26,6,5,81.25
UP55_NIKKEION_TESTA55,2019,1,-2.9325812510485236,-2.9325812510485236,0,1,0,0.0
UP55_NIKKEION_TESTA55,2021,1,-2.2673005469840453,-2.2673005469840453,0,1,0,0.0
UP55_NIKKEION_TESTA55,2022,6,-1.6049871004311853,-9.629922602587111,0,6,0,0.0
UP55_NIKKEION_TESTA55,2024,18,-0.12890822521851922,-2.320348053933346,2,11,5,15.384615384615385
UP55_NIKKEION_TESTA55,2026,37,3.9636151529422237,146.65376065886227,26,6,5,81.25
UP55_NIKKEION_TESTA65,2022,1,-1.5490687264060723,-1.5490687264060723,0,1,0,0.0
UP55_NIKKEION_TESTA65,2024,2,-3.8633709727361896,-7.726741945472379,0,2,0,0.0
UP55_NIKKEION_TESTA65,2026,37,3.9636151529422237,146.65376065886227,26,6,5,81.25
UP55_NIKKEION_TESTA75,2022,1,-1.5490687264060723,-1.5490687264060723,0,1,0,0.0
UP55_NIKKEION_TESTA75,2026,37,3.9636151529422237,146.65376065886227,26,6,5,81.25
UP60_NIKKEIOFF_BASE,2020,79,-1.4504618575232988,-114.5864867443406,9,62,8,12.676056338028168
UP60_NIKKEIOFF_BASE,2024,42,2.9977993552835436,125.90757292190882,10,18,14,35.714285714285715
UP60_NIKKEIOFF_BASE,2025,30,-0.38958652057166737,-11.687595617150022,5,20,5,20.0
UP60_NIKKEIOFF_TESTA55,2020,2,-6.365995700432076,-12.731991400864151,0,2,0,0.0
UP60_NIKKEIOFF_TESTA55,2024,3,0.33354683100389176,1.0006404930116752,1,2,0,33.33333333333333
UP60_NIKKEIOFF_TESTA55,2025,4,-4.7939095555979945,-19.175638222391978,0,4,0,0.0
UP60_NIKKEIOFF_TESTA65,2020,1,-7.77922642329422,-7.77922642329422,0,1,0,0.0
UP60_NIKKEION_BASE,2024,42,2.9977993552835436,125.90757292190882,10,18,14,35.714285714285715
UP60_NIKKEION_TESTA55,2024,3,0.33354683100389176,1.0006404930116752,1,2,0,33.33333333333333
UP65_NIKKEIOFF_BASE,2020,47,-4.833282083549374,-227.1642579268206,0,47,0,0.0
UP65_NIKKEIOFF_BASE,2024,9,-2.4124378207776878,-21.71194038699919,1,7,1,12.5
UP65_NIKKEIOFF_BASE,2025,20,3.1688758905606442,63.37751781121288,8,10,2,44.44444444444444
UP65_NIKKEIOFF_TESTA55,2025,3,-5.025781398765985,-15.077344196297954,0,3,0,0.0
UP65_NIKKEION_BASE,2024,9,-2.4124378207776878,-21.71194038699919,1,7,1,12.5
