strategy,threshold,nikkei_filter,testa_threshold,signals,wins,losses,holds,win_rate,avg_return,profit_factor,max_drawdown,avg_hold_days
UP50_NIKKEION_BASE,50,True,BASE,319,72,141,106,33.80281690140845,1.7319760505967015,2.5151653795243942,-59.73910466351738,3.852664576802508
UP50_NIKKEION_TESTA55,50,True,55,236,58,115,63,33.52601156069364,0.9729186162324444,1.7708092388561736,-65.76782484728713,3.690677966101695
UP50_NIKKEION_TESTA65,50,True,65,221,57,105,59,35.18518518518518,1.0612341865047155,1.8667091230257638,-60.923937713578184,3.6515837104072397
UP50_NIKKEION_TESTA75,50,True,75,199,53,91,55,36.80555555555556,1.1929368013601873,2.022950571912599,-51.831637735109815,3.64321608040201
UP50_NIKKEIOFF_BASE,50,False,BASE,630,119,296,215,28.674698795180724,1.3713924619857534,1.8336794589662389,-98.22466066246042,3.757142857142857
UP50_NIKKEIOFF_TESTA55,50,False,55,297,63,157,77,28.636363636363637,0.4758066952096397,1.3039592055692684,-84.97931271299265,3.5353535353535355
UP50_NIKKEIOFF_TESTA65,50,False,65,257,61,129,67,32.10526315789474,0.7380104058152868,1.5242001263214686,-76.92854251212626,3.568093385214008
UP50_NIKKEIOFF_TESTA75,50,False,75,222,54,106,62,33.75,0.952047445109449,1.739907585031735,-69.2216402627971,3.59009009009009
UP55_NIKKEION_BASE,55,True,BASE,146,40,59,47,40.4040404040404,2.2747864761483583,2.7717224235574327,-60.07592048718128,3.787671232876712
UP55_NIKKEION_TESTA55,55,True,55,60,28,24,8,53.84615384615385,1.9917226520242497,2.710286447447927,-30.035740987313464,3.55
UP55_NIKKEION_TESTA65,55,True,65,41,26,10,5,72.22222222222221,3.295322810353381,5.904644506434501,-7.578685807861241,3.3902439024390243
UP55_NIKKEION_TESTA75,55,True,75,39,26,8,5,76.47058823529412,3.6624356521649557,8.20652051598019,-5.544345988398913,3.3076923076923075
UP55_NIKKEIOFF_BASE,55,False,BASE,288,58,150,80,27.884615384615387,0.9629507570260881,1.4120206681960872,-96.7739532961714,3.392361111111111
UP55_NIKKEIOFF_TESTA55,55,False,55,85,29,48,8,37.66233766233766,0.1960612376514306,1.090674206285216,-76.41041282456035,2.9058823529411764
UP55_NIKKEIOFF_TESTA65,55,False,65,45,26,14,5,65.0,2.53118486287648,3.3363865583920935,-23.451757040804743,3.2222222222222223
UP55_NIKKEIOFF_TESTA75,55,False,75,41,26,10,5,72.22222222222221,3.268800683396805,5.680412405022154,-5.846074392811207,3.1951219512195124
UP60_NIKKEION_BASE,60,True,BASE,42,11,18,13,37.93103448275862,2.7273606618404416,2.395683029327071,-50.86688127479804,3.0952380952380953
UP60_NIKKEION_TESTA55,60,True,55,3,1,2,0,33.33333333333333,0.33354607412663456,1.146110791413197,-3.3359419407675284,4.333333333333333
UP60_NIKKEION_TESTA65,60,True,65,0,0,0,0,0.0,0.0,0.0,0.0,0.0
UP60_NIKKEION_TESTA75,60,True,75,0,0,0,0,0.0,0.0,0.0,0.0,0.0
UP60_NIKKEIOFF_BASE,60,False,BASE,149,24,100,25,19.35483870967742,-0.2758401194898461,0.9183357782288141,-95.21627536911181,2.6778523489932886
UP60_NIKKEIOFF_TESTA55,60,False,55,9,1,8,0,11.11111111111111,-3.434107639713453,0.2025262718326208,-23.78952721924663,2.2222222222222223
UP60_NIKKEIOFF_TESTA65,60,False,65,1,0,1,0,0.0,-7.77922642329422,0.0,0.0,2.0
UP60_NIKKEIOFF_TESTA75,60,False,75,0,0,0,0,0.0,0.0,0.0,0.0,0.0
UP65_NIKKEION_BASE,65,True,BASE,10,1,8,1,11.11111111111111,-2.4004658064498967,0.21685314494454933,-23.239522413664194,3.8
UP65_NIKKEION_TESTA55,65,True,55,0,0,0,0,0.0,0.0,0.0,0.0,0.0
UP65_NIKKEION_TESTA65,65,True,65,0,0,0,0,0.0,0.0,0.0,0.0,0.0
UP65_NIKKEION_TESTA75,65,True,75,0,0,0,0,0.0,0.0,0.0,0.0,0.0
UP65_NIKKEIOFF_BASE,65,False,BASE,77,8,66,3,10.81081081081081,-2.503691272444148,0.3921106367150391,-95.48919934819975,2.2987012987012987
UP65_NIKKEIOFF_TESTA55,65,False,55,3,0,3,0,0.0,-5.025781398765984,0.0,-9.938278532397671,1.0
UP65_NIKKEIOFF_TESTA65,65,False,65,0,0,0,0,0.0,0.0,0.0,0.0,0.0
UP65_NIKKEIOFF_TESTA75,65,False,75,0,0,0,0,0.0,0.0,0.0,0.0,0.0
