strategy,month,signals,avg_return,total_return,wins,losses,holds,win_rate
UP50_NIKKEIOFF_BASE,2019-05,10,-1.0953748261035685,-10.953748261035685,0,6,4,0.0
UP50_NIKKEIOFF_BASE,2019-06,20,3.480738189742796,69.61476379485592,2,2,16,50.0
UP50_NIKKEIOFF_BASE,2019-08,3,1.1678035646204528,3.5034106938613583,0,0,3,0.0
UP50_NIKKEIOFF_BASE,2019-10,5,1.69550339773846,8.4775169886923,0,1,4,0.0
UP50_NIKKEIOFF_BASE,2019-12,10,-0.8553675373043138,-8.553675373043138,0,7,3,0.0
UP50_NIKKEIOFF_BASE,2020-03,112,-0.7094275578330993,-79.45588647730712,16,79,17,16.842105263157894
UP50_NIKKEIOFF_BASE,2020-04,4,-2.1761488549961223,-8.70459541998449,0,3,1,0.0
UP50_NIKKEIOFF_BASE,2020-05,1,1.4816256545359765,1.4816256545359765,0,0,1,0.0
UP50_NIKKEIOFF_BASE,2021-01,10,0.27446338627840117,2.7446338627840117,2,6,2,25.0
UP50_NIKKEIOFF_BASE,2021-02,11,2.754438042921576,30.298818472137338,3,3,5,50.0
UP50_NIKKEIOFF_BASE,2021-03,15,1.9244902525001737,28.867353787502605,1,6,8,14.285714285714285
UP50_NIKKEIOFF_BASE,2021-04,1,-1.6750206763610203,-1.6750206763610203,0,1,0,0.0
UP50_NIKKEIOFF_BASE,2021-09,6,3.144610473278488,18.867662839670928,2,1,3,66.66666666666666
UP50_NIKKEIOFF_BASE,2022-03,10,-0.47378615953645664,-4.737861595364566,0,7,3,0.0
UP50_NIKKEIOFF_BASE,2022-12,60,-1.3495079983691345,-80.97047990214807,2,48,10,4.0
UP50_NIKKEIOFF_BASE,2023-01,20,2.560672126769542,51.21344253539084,6,7,7,46.15384615384615
UP50_NIKKEIOFF_BASE,2023-08,9,0.9240525117114049,8.316472605402645,0,2,7,0.0
UP50_NIKKEIOFF_BASE,2023-10,10,5.2753553142437415,52.75355314243742,6,0,4,100.0
UP50_NIKKEIOFF_BASE,2024-03,1,-0.8223798662566765,-0.8223798662566765,0,1,0,0.0
UP50_NIKKEIOFF_BASE,2024-04,22,3.0111205407207593,66.2446518958567,5,7,10,41.66666666666667
UP50_NIKKEIOFF_BASE,2024-07,10,-2.2254663213115355,-22.254663213115354,1,9,0,10.0
UP50_NIKKEIOFF_BASE,2024-08,62,5.475098157801006,339.4560857836624,12,13,37,48.0
UP50_NIKKEIOFF_BASE,2025-03,33,2.6540893546611013,87.58494870381634,9,11,13,45.0
UP50_NIKKEIOFF_BASE,2025-04,73,0.7039260416554991,51.38660104085144,5,37,31,11.904761904761903
UP50_NIKKEIOFF_BASE,2026-01,51,2.8561837500860348,145.66537125438776,24,14,13,63.1578947368421
UP50_NIKKEIOFF_BASE,2026-02,51,2.768441702264134,141.19052681547083,23,16,12,58.97435897435898
UP50_NIKKEIOFF_BASE,2026-03,10,-2.556187803567599,-25.561878035675992,0,9,1,0.0
UP50_NIKKEIOFF_TESTA55,2019-05,10,-1.0953748261035685,-10.953748261035685,0,6,4,0.0
UP50_NIKKEIOFF_TESTA55,2019-06,10,2.9109676332799355,29.109676332799353,1,1,8,50.0
UP50_NIKKEIOFF_TESTA55,2019-10,5,1.69550339773846,8.4775169886923,0,1,4,0.0
UP50_NIKKEIOFF_TESTA55,2019-12,5,-0.10387498904706582,-0.5193749452353291,0,2,3,0.0
UP50_NIKKEIOFF_TESTA55,2020-03,10,-5.699932816618195,-56.99932816618195,0,10,0,0.0
UP50_NIKKEIOFF_TESTA55,2020-04,3,-3.9002862499546365,-11.70085874986391,0,3,0,0.0
UP50_NIKKEIOFF_TESTA55,2021-01,10,0.27446338627840117,2.7446338627840117,2,6,2,25.0
UP50_NIKKEIOFF_TESTA55,2021-02,10,2.384509759612606,23.845097596126063,3,3,4,50.0
UP50_NIKKEIOFF_TESTA55,2021-03,15,1.9244902525001737,28.867353787502605,1,6,8,14.285714285714285
UP50_NIKKEIOFF_TESTA55,2022-03,10,-0.47378615953645664,-4.737861595364566,0,7,3,0.0
UP50_NIKKEIOFF_TESTA55,2022-12,37,-1.515582035378448,-56.07653530900257,1,30,6,3.225806451612903
UP50_NIKKEIOFF_TESTA55,2023-01,1,4.560405138540517,4.560405138540517,0,0,1,0.0
UP50_NIKKEIOFF_TESTA55,2023-10,2,3.4287647231368084,6.857529446273617,1,0,1,100.0
UP50_NIKKEIOFF_TESTA55,2024-03,1,-0.8223798662566765,-0.8223798662566765,0,1,0,0.0
UP50_NIKKEIOFF_TESTA55,2024-04,13,1.3472281443731373,17.513965876850786,2,5,6,28.57142857142857
UP50_NIKKEIOFF_TESTA55,2024-07,10,-2.3745971414046223,-23.745971414046224,1,9,0,10.0
UP50_NIKKEIOFF_TESTA55,2024-08,8,-2.6269731149631212,-21.01578491970497,1,7,0,12.5
UP50_NIKKEIOFF_TESTA55,2025-04,25,-2.21535069439188,-55.383767359797,3,21,1,12.5
UP50_NIKKEIOFF_TESTA55,2026-01,51,2.8561837500860348,145.66537125438776,24,14,13,63.1578947368421
UP50_NIKKEIOFF_TESTA55,2026-02,51,2.768441702264134,141.19052681547083,23,16,12,58.97435897435898
UP50_NIKKEIOFF_TESTA55,2026-03,10,-2.556187803567599,-25.561878035675992,0,9,1,0.0
UP50_NIKKEIOFF_TESTA65,2019-05,10,-1.0953748261035685,-10.953748261035685,0,6,4,0.0
UP50_NIKKEIOFF_TESTA65,2019-06,10,4.031754643404619,40.317546434046186,4,0,6,100.0
UP50_NIKKEIOFF_TESTA65,2019-10,5,1.69550339773846,8.4775169886923,0,1,4,0.0
UP50_NIKKEIOFF_TESTA65,2019-12,3,-0.40161546721054125,-1.2048464016316238,0,1,2,0.0
UP50_NIKKEIOFF_TESTA65,2020-03,4,-6.150573972292414,-24.602295889169657,0,4,0,0.0
UP50_NIKKEIOFF_TESTA65,2020-04,1,-4.352480245386589,-4.352480245386589,0,1,0,0.0
UP50_NIKKEIOFF_TESTA65,2021-01,10,0.27446338627840117,2.7446338627840117,2,6,2,25.0
UP50_NIKKEIOFF_TESTA65,2021-02,10,2.384509759612606,23.845097596126063,3,3,4,50.0
UP50_NIKKEIOFF_TESTA65,2021-03,14,1.5437580556827195,21.612612779558074,1,6,7,14.285714285714285
UP50_NIKKEIOFF_TESTA65,2022-03,9,-0.5264290661516184,-4.737861595364566,0,7,2,0.0
UP50_NIKKEIOFF_TESTA65,2022-12,32,-1.6265725518212337,-52.05032165827948,1,26,5,3.7037037037037033
UP50_NIKKEIOFF_TESTA65,2024-03,1,-0.8223798662566765,-0.8223798662566765,0,1,0,0.0
UP50_NIKKEIOFF_TESTA65,2024-04,11,0.3118205452203682,3.4300259974240497,1,5,5,16.666666666666664
UP50_NIKKEIOFF_TESTA65,2024-07,10,-1.0083974661187853,-10.083974661187852,2,8,0,20.0
UP50_NIKKEIOFF_TESTA65,2024-08,3,-3.91862706427789,-11.75588119283367,0,3,0,0.0
UP50_NIKKEIOFF_TESTA65,2025-04,12,-4.2907491355949,-51.4889896271388,0,12,0,0.0
UP50_NIKKEIOFF_TESTA65,2026-01,51,2.8561837500860348,145.66537125438776,24,14,13,63.1578947368421
UP50_NIKKEIOFF_TESTA65,2026-02,51,2.768441702264134,141.19052681547083,23,16,12,58.97435897435898
UP50_NIKKEIOFF_TESTA65,2026-03,10,-2.556187803567599,-25.561878035675992,0,9,1,0.0
UP50_NIKKEIOFF_TESTA75,2019-05,10,-1.2231034583144,-12.231034583144,0,6,4,0.0
UP50_NIKKEIOFF_TESTA75,2019-06,6,3.5833086124159177,21.499851674495506,1,0,5,100.0
UP50_NIKKEIOFF_TESTA75,2019-10,3,3.07253020794021,9.21759062382063,0,0,3,0.0
UP50_NIKKEIOFF_TESTA75,2019-12,2,-1.0650589375381345,-2.130117875076269,0,1,1,0.0
UP50_NIKKEIOFF_TESTA75,2020-03,1,-4.449575544474493,-4.449575544474493,0,1,0,0.0
UP50_NIKKEIOFF_TESTA75,2021-01,7,-0.3844922731373567,-2.691445911961497,1,4,2,20.0
UP50_NIKKEIOFF_TESTA75,2021-02,10,2.384509759612606,23.845097596126063,3,3,4,50.0
UP50_NIKKEIOFF_TESTA75,2021-03,13,1.74959943729506,22.74479268483578,1,5,7,16.666666666666664
UP50_NIKKEIOFF_TESTA75,2022-03,7,-0.346040067671491,-2.422280473700437,0,5,2,0.0
UP50_NIKKEIOFF_TESTA75,2022-12,30,-2.049400871074148,-61.48202613222443,0,26,4,0.0
UP50_NIKKEIOFF_TESTA75,2024-04,10,0.8187552533360447,8.187552533360448,1,4,5,20.0
UP50_NIKKEIOFF_TESTA75,2024-07,3,-2.7367361416657565,-8.210208424997269,0,3,0,0.0
UP50_NIKKEIOFF_TESTA75,2025-04,9,-4.518654034744465,-40.66788631270018,0,9,0,0.0
UP50_NIKKEIOFF_TESTA75,2026-01,51,2.8561837500860348,145.66537125438776,24,14,13,63.1578947368421
UP50_NIKKEIOFF_TESTA75,2026-02,51,2.768441702264134,141.19052681547083,23,16,12,58.97435897435898
UP50_NIKKEIOFF_TESTA75,2026-03,9,-2.967963901102303,-26.711675109920726,0,9,0,0.0
UP50_NIKKEION_BASE,2019-05,10,-1.0953748261035685,-10.953748261035685,0,6,4,0.0
UP50_NIKKEION_BASE,2019-08,3,1.1678035646204528,3.5034106938613583,0,0,3,0.0
UP50_NIKKEION_BASE,2019-10,5,1.69550339773846,8.4775169886923,0,1,4,0.0
UP50_NIKKEION_BASE,2019-12,10,-0.8553675373043138,-8.553675373043138,0,7,3,0.0
UP50_NIKKEION_BASE,2021-01,10,0.27446338627840117,2.7446338627840117,2,6,2,25.0
UP50_NIKKEION_BASE,2021-02,11,2.754438042921576,30.298818472137338,3,3,5,50.0
UP50_NIKKEION_BASE,2021-03,15,1.9244902525001737,28.867353787502605,1,6,8,14.285714285714285
UP50_NIKKEION_BASE,2021-04,1,-1.6750206763610203,-1.6750206763610203,0,1,0,0.0
UP50_NIKKEION_BASE,2022-12,50,-1.5103691790582259,-75.51845895291129,1,40,9,2.4390243902439024
UP50_NIKKEION_BASE,2023-08,9,0.9240525117114049,8.316472605402645,0,2,7,0.0
UP50_NIKKEION_BASE,2024-03,1,-0.8223798662566765,-0.8223798662566765,0,1,0,0.0
UP50_NIKKEION_BASE,2024-04,22,3.0111205407207593,66.2446518958567,5,7,10,41.66666666666667
UP50_NIKKEION_BASE,2024-07,10,-2.2254663213115355,-22.254663213115354,1,9,0,10.0
UP50_NIKKEION_BASE,2024-08,50,5.250628562853028,262.5314281426514,12,13,25,48.0
UP50_NIKKEION_BASE,2026-01,51,2.8561837500860348,145.66537125438776,24,14,13,63.1578947368421
UP50_NIKKEION_BASE,2026-02,51,2.768441702264134,141.19052681547083,23,16,12,58.97435897435898
UP50_NIKKEION_BASE,2026-03,10,-2.556187803567599,-25.561878035675992,0,9,1,0.0
UP50_NIKKEION_TESTA55,2019-05,10,-1.0953748261035685,-10.953748261035685,0,6,4,0.0
UP50_NIKKEION_TESTA55,2019-10,5,1.69550339773846,8.4775169886923,0,1,4,0.0
UP50_NIKKEION_TESTA55,2019-12,5,-0.10387498904706582,-0.5193749452353291,0,2,3,0.0
UP50_NIKKEION_TESTA55,2021-01,10,0.27446338627840117,2.7446338627840117,2,6,2,25.0
UP50_NIKKEION_TESTA55,2021-02,10,2.384509759612606,23.845097596126063,3,3,4,50.0
UP50_NIKKEION_TESTA55,2021-03,15,1.9244902525001737,28.867353787502605,1,6,8,14.285714285714285
UP50_NIKKEION_TESTA55,2022-12,37,-1.515582035378448,-56.07653530900257,1,30,6,3.225806451612903
UP50_NIKKEION_TESTA55,2024-03,1,-0.8223798662566765,-0.8223798662566765,0,1,0,0.0
UP50_NIKKEION_TESTA55,2024-04,13,1.3472281443731373,17.513965876850786,2,5,6,28.57142857142857
UP50_NIKKEION_TESTA55,2024-07,10,-2.3745971414046223,-23.745971414046224,1,9,0,10.0
UP50_NIKKEION_TESTA55,2024-08,8,-2.6269731149631212,-21.01578491970497,1,7,0,12.5
UP50_NIKKEION_TESTA55,2026-01,51,2.8561837500860348,145.66537125438776,24,14,13,63.1578947368421
UP50_NIKKEION_TESTA55,2026-02,51,2.768441702264134,141.19052681547083,23,16,12,58.97435897435898
UP50_NIKKEION_TESTA55,2026-03,10,-2.556187803567599,-25.561878035675992,0,9,1,0.0
UP50_NIKKEION_TESTA65,2019-05,10,-1.0953748261035685,-10.953748261035685,0,6,4,0.0
UP50_NIKKEION_TESTA65,2019-10,5,1.69550339773846,8.4775169886923,0,1,4,0.0
UP50_NIKKEION_TESTA65,2019-12,3,-0.40161546721054125,-1.2048464016316238,0,1,2,0.0
UP50_NIKKEION_TESTA65,2021-01,10,0.27446338627840117,2.7446338627840117,2,6,2,25.0
UP50_NIKKEION_TESTA65,2021-02,10,2.384509759612606,23.845097596126063,3,3,4,50.0
UP50_NIKKEION_TESTA65,2021-03,14,1.5437580556827195,21.612612779558074,1,6,7,14.285714285714285
UP50_NIKKEION_TESTA65,2022-12,32,-1.6265725518212337,-52.05032165827948,1,26,5,3.7037037037037033
UP50_NIKKEION_TESTA65,2024-03,1,-0.8223798662566765,-0.8223798662566765,0,1,0,0.0
UP50_NIKKEION_TESTA65,2024-04,11,0.3118205452203682,3.4300259974240497,1,5,5,16.666666666666664
UP50_NIKKEION_TESTA65,2024-07,10,-1.0083974661187853,-10.083974661187852,2,8,0,20.0
UP50_NIKKEION_TESTA65,2024-08,3,-3.91862706427789,-11.75588119283367,0,3,0,0.0
UP50_NIKKEION_TESTA65,2026-01,51,2.8561837500860348,145.66537125438776,24,14,13,63.1578947368421
UP50_NIKKEION_TESTA65,2026-02,51,2.768441702264134,141.19052681547083,23,16,12,58.97435897435898
UP50_NIKKEION_TESTA65,2026-03,10,-2.556187803567599,-25.561878035675992,0,9,1,0.0
UP50_NIKKEION_TESTA75,2019-05,10,-1.2231034583144,-12.231034583144,0,6,4,0.0
UP50_NIKKEION_TESTA75,2019-10,3,3.07253020794021,9.21759062382063,0,0,3,0.0
UP50_NIKKEION_TESTA75,2019-12,2,-1.0650589375381345,-2.130117875076269,0,1,1,0.0
UP50_NIKKEION_TESTA75,2021-01,7,-0.3844922731373567,-2.691445911961497,1,4,2,20.0
UP50_NIKKEION_TESTA75,2021-02,10,2.384509759612606,23.845097596126063,3,3,4,50.0
UP50_NIKKEION_TESTA75,2021-03,13,1.74959943729506,22.74479268483578,1,5,7,16.666666666666664
UP50_NIKKEION_TESTA75,2022-12,30,-2.049400871074148,-61.48202613222443,0,26,4,0.0
UP50_NIKKEION_TESTA75,2024-04,10,0.8187552533360447,8.187552533360448,1,4,5,20.0
UP50_NIKKEION_TESTA75,2024-07,3,-2.7367361416657565,-8.210208424997269,0,3,0,0.0
UP50_NIKKEION_TESTA75,2026-01,51,2.8561837500860348,145.66537125438776,24,14,13,63.1578947368421
UP50_NIKKEION_TESTA75,2026-02,51,2.768441702264134,141.19052681547083,23,16,12,58.97435897435898
UP50_NIKKEION_TESTA75,2026-03,9,-2.967963901102303,-26.711675109920726,0,9,0,0.0
UP55_NIKKEIOFF_BASE,2019-05,10,0.8713669776816625,8.713669776816625,0,3,7,0.0
UP55_NIKKEIOFF_BASE,2019-06,10,5.490923451848428,54.909234518484276,2,0,8,100.0
UP55_NIKKEIOFF_BASE,2020-03,90,-1.276203653090172,-114.85832877811548,11,68,11,13.924050632911392
UP55_NIKKEIOFF_BASE,2022-12,25,-1.3178800657939982,-32.947001644849955,0,20,5,0.0
UP55_NIKKEIOFF_BASE,2023-01,1,2.01531568647579,2.01531568647579,0,0,1,0.0
UP55_NIKKEIOFF_BASE,2023-10,3,5.218777761401288,15.656333284203864,1,0,2,100.0
UP55_NIKKEIOFF_BASE,2024-04,20,2.7090251856210736,54.180503712421476,3,6,11,33.33333333333333
UP55_NIKKEIOFF_BASE,2024-07,10,-2.9181033598680424,-29.181033598680425,1,9,0,10.0
UP55_NIKKEIOFF_BASE,2024-08,43,4.348106919312247,186.96859753042662,10,14,19,41.66666666666667
UP55_NIKKEIOFF_BASE,2025-03,7,-0.841696747356602,-5.891877231496214,0,3,4,0.0
UP55_NIKKEIOFF_BASE,2025-04,31,-0.2135382249580385,-6.619684973699194,4,20,7,16.666666666666664
UP55_NIKKEIOFF_BASE,2026-01,17,4.293876371644579,72.99589831795785,12,2,3,85.71428571428571
UP55_NIKKEIOFF_BASE,2026-02,21,3.3994376868365785,71.38819142356814,14,5,2,73.68421052631578
UP55_NIKKEIOFF_TESTA55,2019-05,2,-1.1271729724749757,-2.2543459449499514,0,1,1,0.0
UP55_NIKKEIOFF_TESTA55,2020-03,6,-5.909007048102723,-35.454042288616336,0,6,0,0.0
UP55_NIKKEIOFF_TESTA55,2022-12,5,-1.7436200091841905,-8.718100045920952,0,5,0,0.0
UP55_NIKKEIOFF_TESTA55,2024-04,3,3.055771769950045,9.167315309850135,0,1,2,0.0
UP55_NIKKEIOFF_TESTA55,2024-07,10,-2.6883139343472022,-26.88313934347202,1,9,0,10.0
UP55_NIKKEIOFF_TESTA55,2024-08,2,1.9037697022108921,3.8075394044217843,1,1,0,50.0
UP55_NIKKEIOFF_TESTA55,2025-04,19,-3.5465321911824765,-67.38411163246705,1,18,0,5.263157894736842
UP55_NIKKEIOFF_TESTA55,2026-01,17,4.293876371644579,72.99589831795785,12,2,3,85.71428571428571
UP55_NIKKEIOFF_TESTA55,2026-02,21,3.3994376868365785,71.38819142356814,14,5,2,73.68421052631578
UP55_NIKKEIOFF_TESTA65,2020-03,3,-5.613443174785746,-16.840329524357237,0,3,0,0.0
UP55_NIKKEIOFF_TESTA65,2022-12,1,-1.5490993070927488,-1.5490993070927488,0,1,0,0.0
UP55_NIKKEIOFF_TESTA65,2024-07,2,-3.8633776049723174,-7.726755209944635,0,2,0,0.0
UP55_NIKKEIOFF_TESTA65,2025-04,1,-4.364586870689763,-4.364586870689763,0,1,0,0.0
UP55_NIKKEIOFF_TESTA65,2026-01,17,4.293876371644579,72.99589831795785,12,2,3,85.71428571428571
UP55_NIKKEIOFF_TESTA65,2026-02,21,3.3994376868365785,71.38819142356814,14,5,2,73.68421052631578
UP55_NIKKEIOFF_TESTA75,2020-03,1,-4.449575544474493,-4.449575544474493,0,1,0,0.0
UP55_NIKKEIOFF_TESTA75,2022-12,1,-1.5490993070927488,-1.5490993070927488,0,1,0,0.0
UP55_NIKKEIOFF_TESTA75,2025-04,1,-4.364586870689763,-4.364586870689763,0,1,0,0.0
UP55_NIKKEIOFF_TESTA75,2026-01,17,4.293876371644579,72.99589831795785,12,2,3,85.71428571428571
UP55_NIKKEIOFF_TESTA75,2026-02,21,3.3994376868365785,71.38819142356814,14,5,2,73.68421052631578
UP55_NIKKEION_BASE,2019-05,10,0.8713669776816625,8.713669776816625,0,3,7,0.0
UP55_NIKKEION_BASE,2022-12,25,-1.3178800657939982,-32.947001644849955,0,20,5,0.0
UP55_NIKKEION_BASE,2024-04,20,2.7090251856210736,54.180503712421476,3,6,11,33.33333333333333
UP55_NIKKEION_BASE,2024-07,10,-2.9181033598680424,-29.181033598680425,1,9,0,10.0
UP55_NIKKEION_BASE,2024-08,43,4.348106919312247,186.96859753042662,10,14,19,41.66666666666667
UP55_NIKKEION_BASE,2026-01,17,4.293876371644579,72.99589831795785,12,2,3,85.71428571428571
UP55_NIKKEION_BASE,2026-02,21,3.3994376868365785,71.38819142356814,14,5,2,73.68421052631578
UP55_NIKKEION_TESTA55,2019-05,2,-1.1271729724749757,-2.2543459449499514,0,1,1,0.0
UP55_NIKKEION_TESTA55,2022-12,5,-1.7436200091841905,-8.718100045920952,0,5,0,0.0
UP55_NIKKEION_TESTA55,2024-04,3,3.055771769950045,9.167315309850135,0,1,2,0.0
UP55_NIKKEION_TESTA55,2024-07,10,-2.6883139343472022,-26.88313934347202,1,9,0,10.0
UP55_NIKKEION_TESTA55,2024-08,2,1.9037697022108921,3.8075394044217843,1,1,0,50.0
UP55_NIKKEION_TESTA55,2026-01,17,4.293876371644579,72.99589831795785,12,2,3,85.71428571428571
UP55_NIKKEION_TESTA55,2026-02,21,3.3994376868365785,71.38819142356814,14,5,2,73.68421052631578
UP55_NIKKEION_TESTA65,2022-12,1,-1.5490993070927488,-1.5490993070927488,0,1,0,0.0
UP55_NIKKEION_TESTA65,2024-07,2,-3.8633776049723174,-7.726755209944635,0,2,0,0.0
UP55_NIKKEION_TESTA65,2026-01,17,4.293876371644579,72.99589831795785,12,2,3,85.71428571428571
UP55_NIKKEION_TESTA65,2026-02,21,3.3994376868365785,71.38819142356814,14,5,2,73.68421052631578
UP55_NIKKEION_TESTA75,2022-12,1,-1.5490993070927488,-1.5490993070927488,0,1,0,0.0
UP55_NIKKEION_TESTA75,2026-01,17,4.293876371644579,72.99589831795785,12,2,3,85.71428571428571
UP55_NIKKEION_TESTA75,2026-02,21,3.3994376868365785,71.38819142356814,14,5,2,73.68421052631578
UP60_NIKKEIOFF_BASE,2020-03,77,-1.8339751511443425,-141.21608663811438,8,62,7,11.428571428571429
UP60_NIKKEIOFF_BASE,2024-04,2,2.614563091566933,5.229126183133866,0,0,2,0.0
UP60_NIKKEIOFF_BASE,2024-07,10,-1.6996306332529467,-16.996306332529468,2,8,0,20.0
UP60_NIKKEIOFF_BASE,2024-08,30,4.210544264889806,126.31632794669416,9,10,11,47.368421052631575
UP60_NIKKEIOFF_BASE,2025-04,30,-0.48110796543904033,-14.43323896317121,5,20,5,20.0
UP60_NIKKEIOFF_TESTA55,2020-03,2,-6.365989395226085,-12.73197879045217,0,2,0,0.0
UP60_NIKKEIOFF_TESTA55,2024-07,3,0.3335460741266343,1.0006382223799029,1,2,0,33.33333333333333
UP60_NIKKEIOFF_TESTA55,2025-04,4,-4.793907047337202,-19.175628189348807,0,4,0,0.0
UP60_NIKKEIOFF_TESTA65,2020-03,1,-7.77922642329422,-7.77922642329422,0,1,0,0.0
UP60_NIKKEION_BASE,2024-04,2,2.614563091566933,5.229126183133866,0,0,2,0.0
UP60_NIKKEION_BASE,2024-07,10,-1.6996306332529467,-16.996306332529468,2,8,0,20.0
UP60_NIKKEION_BASE,2024-08,30,4.210544264889806,126.31632794669416,9,10,11,47.368421052631575
UP60_NIKKEION_TESTA55,2024-07,3,0.3335460741266343,1.0006382223799029,1,2,0,33.33333333333333
UP65_NIKKEIOFF_BASE,2020-03,47,-4.860789991900662,-228.4571296193311,0,47,0,0.0
UP65_NIKKEIOFF_BASE,2024-07,8,-1.8775913321098812,-15.02073065687905,1,6,1,14.285714285714285
UP65_NIKKEIOFF_BASE,2024-08,2,-4.491963703809958,-8.983927407619916,0,2,0,0.0
UP65_NIKKEIOFF_BASE,2025-04,20,2.983877985281532,59.67755970563064,7,11,2,38.88888888888889
UP65_NIKKEIOFF_TESTA55,2025-04,3,-5.025781398765985,-15.077344196297954,0,3,0,0.0
UP65_NIKKEION_BASE,2024-07,8,-1.8775913321098812,-15.02073065687905,1,6,1,14.285714285714285
UP65_NIKKEION_BASE,2024-08,2,-4.491963703809958,-8.983927407619916,0,2,0,0.0
