strategy,phase,signals,wins,losses,holds,win_rate,avg_return,profit_factor,max_drawdown,avg_hold_days
UP50_NIKKEIOFF_BASE,DEV,305,36,172,97,17.307692307692307,0.29627184373336035,1.1425967751958375,-98.15960191951444,3.914754098360656
UP50_NIKKEIOFF_BASE,VALIDATION,334,90,125,119,41.86046511627907,2.4740452291476367,2.998573251273963,-76.20108738651747,3.6017964071856285
UP50_NIKKEIOFF_TESTA55,DEV,129,8,74,47,9.75609756097561,-0.1686173406570615,0.8855149078861291,-50.72189628253403,4.131782945736434
UP50_NIKKEIOFF_TESTA55,VALIDATION,173,56,85,32,39.71631205673759,1.0836355760059357,1.7058475141070384,-74.15523638981634,3.138728323699422
UP50_NIKKEIOFF_TESTA65,DEV,108,10,61,37,14.084507042253522,0.04969180979955494,1.0360825235508853,-46.724578479571235,4.092592592592593
UP50_NIKKEIOFF_TESTA65,VALIDATION,149,51,69,29,42.5,1.3590851795998276,2.0315087505378266,-55.42652590279995,3.221476510067114
UP50_NIKKEIOFF_TESTA75,DEV,86,6,49,31,10.909090909090908,0.05878334128559192,1.0435748204105069,-48.62309758762991,4.0813953488372094
UP50_NIKKEIOFF_TESTA75,VALIDATION,133,49,56,28,46.666666666666664,1.713304358614844,2.4731473920985385,-41.615940661508176,3.2481203007518795
UP50_NIKKEION_BASE,DEV,116,6,70,40,7.894736842105263,-0.16876747215555632,0.8720921144969074,-58.188067084995865,4.267241379310345
UP50_NIKKEION_BASE,VALIDATION,205,67,74,64,47.5177304964539,2.7497772272319474,3.58349922177456,-54.72261168940016,3.5951219512195123
UP50_NIKKEION_TESTA55,DEV,95,6,56,33,9.67741935483871,-0.04208168570147069,0.967101507740868,-48.784208415744814,4.147368421052631
UP50_NIKKEION_TESTA55,VALIDATION,146,52,64,30,44.827586206896555,1.5982882294193952,2.30553161870347,-43.93632141361882,3.3835616438356166
UP50_NIKKEION_TESTA65,DEV,85,6,50,29,10.714285714285714,-0.0660086913643013,0.9505018641660963,-46.72457847957122,4.105882352941176
UP50_NIKKEION_TESTA65,VALIDATION,138,51,58,29,46.788990825688074,1.7880640639951448,2.622639397660325,-29.97167574091668,3.3768115942028984
UP50_NIKKEION_TESTA75,DEV,72,5,43,24,10.416666666666668,-0.13295341966902205,0.9071537234172143,-47.25992033498745,4.027777777777778
UP50_NIKKEION_TESTA75,VALIDATION,125,49,48,28,50.51546391752577,2.0903802608773048,3.1549599021381125,-24.62739460931307,3.376
UP55_NIKKEIOFF_BASE,DEV,135,14,93,28,13.084112149532709,-0.6821839767032027,0.7855169814717446,-96.6404665213229,3.311111111111111
UP55_NIKKEIOFF_BASE,VALIDATION,151,46,59,46,43.80952380952381,2.3071960632682647,2.413363965879885,-66.52272355011131,3.410596026490066
UP55_NIKKEIOFF_TESTA55,DEV,14,0,14,0,0.0,-3.5917048449016,0.0,-38.52077733838123,2.7142857142857144
UP55_NIKKEIOFF_TESTA55,VALIDATION,73,29,34,10,46.03174603174603,1.1157565754809498,1.6269413030897746,-63.29386199994176,3.041095890410959
UP55_NIKKEIOFF_TESTA65,DEV,4,0,4,0,0.0,-4.597349587995701,0.0,-13.394689951617078,2.5
UP55_NIKKEIOFF_TESTA65,VALIDATION,40,26,9,5,74.28571428571429,3.3640607960675033,5.789921082742723,-7.729781277292291,3.325
UP55_NIKKEIOFF_TESTA75,DEV,2,0,2,0,0.0,-2.9993262815996915,0.0,-1.5490687264060776,3.0
UP55_NIKKEIOFF_TESTA75,VALIDATION,38,26,7,5,78.78787878787878,3.7444519417940136,7.986574122433301,-5.544345988398902,3.236842105263158
UP55_NIKKEION_BASE,DEV,34,1,24,9,4.0,-0.6632642793038366,0.5451104581374104,-30.488237707371233,4.0588235294117645
UP55_NIKKEION_BASE,VALIDATION,109,41,35,33,53.94736842105263,3.170047173039893,3.494370350029097,-60.07624222953072,3.6513761467889907
UP55_NIKKEION_TESTA55,DEV,8,0,8,0,0.0,-1.85372555007746,0.0,-11.326102412718775,3.25
UP55_NIKKEION_TESTA55,VALIDATION,55,28,17,10,62.22222222222222,2.624243865544163,3.5795482367206977,-27.918070265115922,3.6545454545454548
UP55_NIKKEION_TESTA65,DEV,1,0,1,0,0.0,-1.5490687264060723,0.0,0.0,5.0
UP55_NIKKEION_TESTA65,VALIDATION,39,26,8,5,76.47058823529412,3.5622312490612797,6.8549226054007,-5.544345988398902,3.3846153846153846
UP55_NIKKEION_TESTA75,DEV,1,0,1,0,0.0,-1.5490687264060723,0.0,0.0,5.0
UP55_NIKKEION_TESTA75,VALIDATION,37,26,6,5,81.25,3.963615152942224,10.165000963178333,-5.544345988398924,3.2972972972972974
UP60_NIKKEIOFF_BASE,DEV,79,9,62,8,12.676056338028168,-1.4504618575232993,0.6469135366700514,-95.10804812842454,2.6455696202531644
UP60_NIKKEIOFF_BASE,VALIDATION,72,15,38,19,28.30188679245283,1.5863885736772054,1.6682607239674752,-61.032916717084284,2.6666666666666665
UP60_NIKKEIOFF_TESTA55,DEV,2,0,2,0,0.0,-6.365995700432076,0.0,-7.779226423294217,1.5
UP60_NIKKEIOFF_TESTA55,VALIDATION,7,1,6,0,14.285714285714285,-2.596428247054329,0.3016099020083577,-20.58576206540681,2.4285714285714284
UP60_NIKKEIOFF_TESTA65,DEV,1,0,1,0,0.0,-7.77922642329422,0.0,0.0,2.0
UP60_NIKKEION_BASE,VALIDATION,42,10,18,14,35.714285714285715,2.9977993552835427,2.593514678981678,-49.26072617863056,3.0952380952380953
UP60_NIKKEION_TESTA55,VALIDATION,3,1,2,0,33.33333333333333,0.33354683100389176,1.1461109820822977,-3.3359419407675395,4.333333333333333
UP65_NIKKEIOFF_BASE,DEV,47,0,47,0,0.0,-4.833282083549374,0.0,-89.7125052970839,2.021276595744681
UP65_NIKKEIOFF_BASE,VALIDATION,29,9,17,3,34.61538461538461,1.436744049110817,1.5018196856561667,-55.25679055776598,2.5172413793103448
UP65_NIKKEIOFF_TESTA55,VALIDATION,3,0,3,0,0.0,-5.025781398765984,0.0,-9.938278532397671,1.0
UP65_NIKKEION_BASE,VALIDATION,9,1,7,1,12.5,-2.4124378207776878,0.23438494089749518,-21.441856314542363,3.6666666666666665
