strategy,phase,signals,avg_return,avg_gc_gap,gc_approach_ratio,avg_gc_slope,avg_adx,avg_breakout20,avg_relative_strength,avg_volume_surge,avg_atr_ratio
UP20_SCORE20_NIKKEIOFF_TP2.5_SL1.0_H1,OOS,228,2.501007740307637,9.000072878975663,0.8771929824561403,2.753465603156489,30.037288766550677,0.6798274127833906,0.06181574775506724,1.4639889496413192,3.472677232131938
UP20_SCORE20_NIKKEIOFF_TP2.5_SL1.0_H1,VALIDATION,213,4.204606471114745,5.570498088315442,0.9389671361502347,1.9300088064485306,25.563562869930557,1.3486651202982984,0.05437296968438913,1.5892940310718084,2.752543170255694
UP20_SCORE20_NIKKEIOFF_TP3.0_SL1.0_H5,OOS,80,3.5822636514898463,9.107716349198274,0.0,2.741508860256951,31.09100843067871,0.7339771412535769,0.07209469194980121,1.4985199272215746,3.4907565093734965
UP20_SCORE20_NIKKEIOFF_TP3.0_SL1.0_H5,VALIDATION,140,4.938382222662229,6.150985164399971,0.7142857142857143,2.1427830118192404,26.64320901826526,1.5071691122976243,0.058088022121484506,1.5827376444078503,2.866716252077684
UP20_SCORE20_NIKKEIOFF_TP3.5_SL1.0_H1,OOS,228,2.7854621330098888,9.833850682595124,0.8771929824561403,3.051921249202356,30.91706103520545,0.1606488308544467,0.05928119072265655,1.4117989787362428,3.7050571774280328
UP20_SCORE20_NIKKEIOFF_TP3.5_SL1.0_H1,VALIDATION,213,5.546504336684896,5.695209666135913,0.4694835680751174,2.058647767501033,26.07610129993409,0.9539275850905354,0.055603225285655714,1.5465289050791895,2.946450831546727
UP20_SCORE30_NIKKEIOFF_TP2.5_SL1.0_H1,OOS,226,2.558705310763096,9.094208239775218,0.8849557522123894,2.793177561733073,30.0772488145783,0.8210914764687349,0.06301643835724069,1.4639427555228652,3.470542706453095
UP20_SCORE30_NIKKEIOFF_TP2.5_SL1.0_H1,VALIDATION,212,4.185112168413991,5.570633017409081,0.9433962264150944,1.93920080639447,25.579062487099463,1.4185778766575132,0.05498301531915249,1.5913756186548138,2.746411490219236
UP20_SCORE30_NIKKEIOFF_TP3.0_SL1.0_H5,OOS,81,3.4516357080952327,9.49031730866434,0.0,2.825047523161502,31.110239457262455,0.8456902663003458,0.07164638237447878,1.4639096404074385,3.4540649345704395
UP20_SCORE30_NIKKEIOFF_TP3.0_SL1.0_H5,VALIDATION,140,4.938382222662229,6.150985164399971,0.7142857142857143,2.1427830118192404,26.64320901826526,1.5071691122976243,0.058088022121484506,1.5827376444078503,2.866716252077684
UP20_SCORE30_NIKKEIOFF_TP3.5_SL1.0_H1,OOS,226,2.854619923143984,9.935364608028479,0.8849557522123894,3.094274408186426,30.964806678530902,0.2973183938147561,0.06045945161657858,1.4112909264681863,3.7049791114420754
UP20_SCORE30_NIKKEIOFF_TP3.5_SL1.0_H1,VALIDATION,212,5.53333974089721,5.695932857389083,0.4716981132075472,2.068446554999107,26.09401855120679,1.021978371944053,0.05621907401287788,1.5484087703697769,2.9412338102899436
UP20_SCORE40_NIKKEIOFF_TP2.5_SL1.0_H1,OOS,219,2.5688314792423337,9.262225445662166,0.91324200913242,2.919514988144766,30.260260014394444,1.2540790324556308,0.0673912321367856,1.4844808838505696,3.460113660133689
UP20_SCORE40_NIKKEIOFF_TP2.5_SL1.0_H1,VALIDATION,211,4.173639270150014,5.592238971067716,0.9478672985781991,1.9581115261787787,25.569009557713386,1.4764301796292532,0.05547811713872229,1.5925984930068604,2.7467150637233777
UP20_SCORE40_NIKKEIOFF_TP3.0_SL1.0_H5,OOS,82,3.453917171716776,10.525986627863897,1.2195121951219512,3.438727590348894,32.18197095747156,1.2656770429993245,0.07366144658191764,1.4466582669787382,3.529559714530468
UP20_SCORE40_NIKKEIOFF_TP3.0_SL1.0_H5,VALIDATION,140,4.938382222662229,6.150985164399971,0.7142857142857143,2.1427830118192404,26.64320901826526,1.5071691122976243,0.058088022121484506,1.5827376444078503,2.866716252077684
UP20_SCORE40_NIKKEIOFF_TP3.5_SL1.0_H1,OOS,219,2.8649757784939927,10.130268090526263,0.91324200913242,3.2302359347130665,31.176187307788453,0.7135643444200177,0.06475251522633063,1.430146119620627,3.7020434661953763
UP20_SCORE40_NIKKEIOFF_TP3.5_SL1.0_H1,VALIDATION,211,5.5155439520722735,5.7181326491518885,0.47393364928909953,2.0879698138763283,26.08640617188757,1.0779510564100423,0.05672003393052221,1.549428010369762,2.9424607123252264
UP20_SCORE50_NIKKEIOFF_TP2.5_SL1.0_H1,OOS,217,2.5635336948522043,9.302224490783015,0.9216589861751152,2.9314021681394262,30.29298130412148,1.369303183694048,0.0683974505937345,1.4931874101019742,3.447149356050852
UP20_SCORE50_NIKKEIOFF_TP2.5_SL1.0_H1,VALIDATION,210,4.153311790246393,5.594912643983351,0.9523809523809524,1.9708769483316853,25.581230745979312,1.5519874184971454,0.056379387710782526,1.5939966436277782,2.7399315475081054
UP20_SCORE50_NIKKEIOFF_TP3.0_SL1.0_H5,OOS,83,3.228648363996112,10.723365464286443,0.0,3.4806118412717737,32.371067054778486,1.3221187907886818,0.0747761168000073,1.4397127616864298,3.554905409273864
UP20_SCORE50_NIKKEIOFF_TP3.0_SL1.0_H5,VALIDATION,140,4.938382222662229,6.150985164399971,0.7142857142857143,2.1427830118192404,26.64320901826526,1.5071691122976243,0.058088022121484506,1.5827376444078503,2.866716252077684
UP20_SCORE50_NIKKEIOFF_TP3.5_SL1.0_H1,OOS,217,2.8577072808286825,10.070692945357193,0.9216589861751152,3.221608217443059,31.035020664040175,0.9093539130169435,0.066298484621306,1.4384690631269887,3.6725356186142517
UP20_SCORE50_NIKKEIOFF_TP3.5_SL1.0_H1,VALIDATION,210,5.5016064944635215,5.721405815772687,0.4761904761904762,2.101353608827795,26.101091153554325,1.151610775643557,0.05762721839206722,1.5506205872638363,2.9366093182461532
UP20_SCORE60_NIKKEIOFF_TP2.5_SL1.0_H1,OOS,206,2.5254969508617022,9.313689127288113,0.48543689320388345,2.9714615452411826,30.3932158432259,1.7350394811977197,0.07490772906736078,1.5233331861723836,3.449643346586306
UP20_SCORE60_NIKKEIOFF_TP2.5_SL1.0_H1,VALIDATION,205,4.110975381710215,5.668307976150407,0.4878048780487805,2.001003192729973,25.712639182052737,1.7169661458667664,0.058463126616072364,1.5955873512084418,2.748328858030453
UP20_SCORE60_NIKKEIOFF_TP3.0_SL1.0_H5,OOS,83,2.9365615748190876,10.38828386923996,0.0,3.410984087965853,32.521208534425305,1.855944087571689,0.08409816159898771,1.4966810623215494,3.4825647606880468
UP20_SCORE60_NIKKEIOFF_TP3.0_SL1.0_H5,VALIDATION,138,4.951663959668122,6.223443611383065,0.0,2.172798798548956,26.8408262034665,1.5398011359735608,0.05929425128574451,1.5936674429854754,2.888350099357768
UP20_SCORE60_NIKKEIOFF_TP3.5_SL1.0_H1,OOS,206,2.8418394321759792,10.12549154967134,0.48543689320388345,3.2546309410995717,31.141926581431612,1.3733585382991496,0.07392496964493978,1.4783265664277836,3.662448185640222
UP20_SCORE60_NIKKEIOFF_TP3.5_SL1.0_H1,VALIDATION,205,5.290650703580128,5.751107685831976,0.4878048780487805,2.1683214027340236,26.188716322365636,1.4046531503192519,0.05987029785823602,1.5509583322111506,2.909352268121554
UP25_SCORE20_NIKKEIOFF_TP2.5_SL1.0_H1,OOS,228,2.501007740307637,9.000072878975663,0.8771929824561403,2.753465603156489,30.037288766550677,0.6798274127833906,0.06181574775506724,1.4639889496413192,3.472677232131938
UP25_SCORE20_NIKKEIOFF_TP2.5_SL1.0_H1,VALIDATION,213,4.204606471114745,5.570498088315442,0.9389671361502347,1.9300088064485306,25.563562869930557,1.3486651202982984,0.05437296968438913,1.5892940310718084,2.752543170255694
UP25_SCORE20_NIKKEIOFF_TP3.0_SL1.0_H5,OOS,80,3.5822636514898463,9.107716349198274,0.0,2.741508860256951,31.09100843067871,0.7339771412535769,0.07209469194980121,1.4985199272215746,3.4907565093734965
UP25_SCORE20_NIKKEIOFF_TP3.0_SL1.0_H5,VALIDATION,140,4.938382222662229,6.150985164399971,0.7142857142857143,2.1427830118192404,26.64320901826526,1.5071691122976243,0.058088022121484506,1.5827376444078503,2.866716252077684
UP25_SCORE20_NIKKEIOFF_TP3.5_SL1.0_H1,OOS,228,2.7854621330098888,9.833850682595124,0.8771929824561403,3.051921249202356,30.91706103520545,0.1606488308544467,0.05928119072265655,1.4117989787362428,3.7050571774280328
UP25_SCORE20_NIKKEIOFF_TP3.5_SL1.0_H1,VALIDATION,213,5.546504336684896,5.695209666135913,0.4694835680751174,2.058647767501033,26.07610129993409,0.9539275850905354,0.055603225285655714,1.5465289050791895,2.946450831546727
UP25_SCORE30_NIKKEIOFF_TP2.5_SL1.0_H1,OOS,226,2.558705310763096,9.094208239775218,0.8849557522123894,2.793177561733073,30.0772488145783,0.8210914764687349,0.06301643835724069,1.4639427555228652,3.470542706453095
UP25_SCORE30_NIKKEIOFF_TP2.5_SL1.0_H1,VALIDATION,212,4.185112168413991,5.570633017409081,0.9433962264150944,1.93920080639447,25.579062487099463,1.4185778766575132,0.05498301531915249,1.5913756186548138,2.746411490219236
UP25_SCORE30_NIKKEIOFF_TP3.0_SL1.0_H5,OOS,81,3.4516357080952327,9.49031730866434,0.0,2.825047523161502,31.110239457262455,0.8456902663003458,0.07164638237447878,1.4639096404074385,3.4540649345704395
UP25_SCORE30_NIKKEIOFF_TP3.0_SL1.0_H5,VALIDATION,140,4.938382222662229,6.150985164399971,0.7142857142857143,2.1427830118192404,26.64320901826526,1.5071691122976243,0.058088022121484506,1.5827376444078503,2.866716252077684
UP25_SCORE30_NIKKEIOFF_TP3.5_SL1.0_H1,OOS,226,2.854619923143984,9.935364608028479,0.8849557522123894,3.094274408186426,30.964806678530902,0.2973183938147561,0.06045945161657858,1.4112909264681863,3.7049791114420754
UP25_SCORE30_NIKKEIOFF_TP3.5_SL1.0_H1,VALIDATION,212,5.53333974089721,5.695932857389083,0.4716981132075472,2.068446554999107,26.09401855120679,1.021978371944053,0.05621907401287788,1.5484087703697769,2.9412338102899436
UP25_SCORE40_NIKKEIOFF_TP2.5_SL1.0_H1,OOS,219,2.5688314792423337,9.262225445662166,0.91324200913242,2.919514988144766,30.260260014394444,1.2540790324556308,0.0673912321367856,1.4844808838505696,3.460113660133689
UP25_SCORE40_NIKKEIOFF_TP2.5_SL1.0_H1,VALIDATION,211,4.173639270150014,5.592238971067716,0.9478672985781991,1.9581115261787787,25.569009557713386,1.4764301796292532,0.05547811713872229,1.5925984930068604,2.7467150637233777
UP25_SCORE40_NIKKEIOFF_TP3.0_SL1.0_H5,OOS,82,3.453917171716776,10.525986627863897,1.2195121951219512,3.438727590348894,32.18197095747156,1.2656770429993245,0.07366144658191764,1.4466582669787382,3.529559714530468
UP25_SCORE40_NIKKEIOFF_TP3.0_SL1.0_H5,VALIDATION,140,4.938382222662229,6.150985164399971,0.7142857142857143,2.1427830118192404,26.64320901826526,1.5071691122976243,0.058088022121484506,1.5827376444078503,2.866716252077684
UP25_SCORE40_NIKKEIOFF_TP3.5_SL1.0_H1,OOS,219,2.8649757784939927,10.130268090526263,0.91324200913242,3.2302359347130665,31.176187307788453,0.7135643444200177,0.06475251522633063,1.430146119620627,3.7020434661953763
UP25_SCORE40_NIKKEIOFF_TP3.5_SL1.0_H1,VALIDATION,211,5.5155439520722735,5.7181326491518885,0.47393364928909953,2.0879698138763283,26.08640617188757,1.0779510564100423,0.05672003393052221,1.549428010369762,2.9424607123252264
UP25_SCORE50_NIKKEIOFF_TP2.5_SL1.0_H1,OOS,217,2.5635336948522043,9.302224490783015,0.9216589861751152,2.9314021681394262,30.29298130412148,1.369303183694048,0.0683974505937345,1.4931874101019742,3.447149356050852
UP25_SCORE50_NIKKEIOFF_TP2.5_SL1.0_H1,VALIDATION,210,4.153311790246393,5.594912643983351,0.9523809523809524,1.9708769483316853,25.581230745979312,1.5519874184971454,0.056379387710782526,1.5939966436277782,2.7399315475081054
UP25_SCORE50_NIKKEIOFF_TP3.0_SL1.0_H5,OOS,83,3.228648363996112,10.723365464286443,0.0,3.4806118412717737,32.371067054778486,1.3221187907886818,0.0747761168000073,1.4397127616864298,3.554905409273864
UP25_SCORE50_NIKKEIOFF_TP3.0_SL1.0_H5,VALIDATION,140,4.938382222662229,6.150985164399971,0.7142857142857143,2.1427830118192404,26.64320901826526,1.5071691122976243,0.058088022121484506,1.5827376444078503,2.866716252077684
UP25_SCORE50_NIKKEIOFF_TP3.5_SL1.0_H1,OOS,217,2.8577072808286825,10.070692945357193,0.9216589861751152,3.221608217443059,31.035020664040175,0.9093539130169435,0.066298484621306,1.4384690631269887,3.6725356186142517
UP25_SCORE50_NIKKEIOFF_TP3.5_SL1.0_H1,VALIDATION,210,5.5016064944635215,5.721405815772687,0.4761904761904762,2.101353608827795,26.101091153554325,1.151610775643557,0.05762721839206722,1.5506205872638363,2.9366093182461532
UP25_SCORE50_NIKKEIOFF_TP4.0_SL1.0_H3,OOS,101,2.7502637671215915,11.01780417843155,1.9801980198019802,3.62463014909432,32.48423410864154,0.0364090311197325,0.06890306507008036,1.3967481000662982,3.859929691105421
UP25_SCORE50_NIKKEIOFF_TP4.0_SL1.0_H3,VALIDATION,142,6.1581322592818335,5.911737536790467,1.4084507042253522,2.149168241756118,27.02356440842373,1.2647340024188247,0.05503497725510487,1.5867521764575359,2.940359339815503
UP25_SCORE60_NIKKEIOFF_TP2.5_SL1.0_H1,OOS,206,2.5254969508617022,9.313689127288113,0.48543689320388345,2.9714615452411826,30.3932158432259,1.7350394811977197,0.07490772906736078,1.5233331861723836,3.449643346586306
UP25_SCORE60_NIKKEIOFF_TP2.5_SL1.0_H1,VALIDATION,205,4.110975381710215,5.668307976150407,0.4878048780487805,2.001003192729973,25.712639182052737,1.7169661458667664,0.058463126616072364,1.5955873512084418,2.748328858030453
UP25_SCORE60_NIKKEIOFF_TP3.0_SL1.0_H5,OOS,83,2.9365615748190876,10.38828386923996,0.0,3.410984087965853,32.521208534425305,1.855944087571689,0.08409816159898771,1.4966810623215494,3.4825647606880468
UP25_SCORE60_NIKKEIOFF_TP3.0_SL1.0_H5,VALIDATION,138,4.951663959668122,6.223443611383065,0.0,2.172798798548956,26.8408262034665,1.5398011359735608,0.05929425128574451,1.5936674429854754,2.888350099357768
UP25_SCORE60_NIKKEIOFF_TP3.5_SL1.0_H1,OOS,206,2.8418394321759792,10.12549154967134,0.48543689320388345,3.2546309410995717,31.141926581431612,1.3733585382991496,0.07392496964493978,1.4783265664277836,3.662448185640222
UP25_SCORE60_NIKKEIOFF_TP3.5_SL1.0_H1,VALIDATION,205,5.290650703580128,5.751107685831976,0.4878048780487805,2.1683214027340236,26.188716322365636,1.4046531503192519,0.05987029785823602,1.5509583322111506,2.909352268121554
UP30_SCORE20_NIKKEIOFF_TP2.5_SL1.0_H1,OOS,222,2.6140865008033356,8.938092900463582,0.9009009009009009,2.8139987949976106,30.118151550884704,1.0219116544068032,0.06498198094083,1.4880380123725783,3.4681218238755225
UP30_SCORE20_NIKKEIOFF_TP2.5_SL1.0_H1,VALIDATION,213,4.204606471114745,5.570498088315442,0.9389671361502347,1.9300088064485306,25.563562869930557,1.3486651202982984,0.05437296968438913,1.5892940310718084,2.752543170255694
UP30_SCORE20_NIKKEIOFF_TP3.0_SL1.0_H5,OOS,81,3.659717610777447,9.752162817166383,1.2345679012345678,3.185861654700809,31.66035975617854,1.2820854030527993,0.07454663338076714,1.521144898754638,3.481728741242022
UP30_SCORE20_NIKKEIOFF_TP3.0_SL1.0_H5,VALIDATION,140,4.938382222662229,6.150985164399971,0.7142857142857143,2.1427830118192404,26.64320901826526,1.5071691122976243,0.058088022121484506,1.5827376444078503,2.866716252077684
UP30_SCORE20_NIKKEIOFF_TP3.5_SL1.0_H1,OOS,222,2.925568932727213,9.689253506961768,0.9009009009009009,3.09766867201963,30.843478312607033,0.5723216015377416,0.06293028897678953,1.4345520605997322,3.688431819264071
UP30_SCORE20_NIKKEIOFF_TP3.5_SL1.0_H1,VALIDATION,213,5.546504336684896,5.695209666135913,0.4694835680751174,2.058647767501033,26.07610129993409,0.9539275850905354,0.055603225285655714,1.5465289050791895,2.946450831546727
UP30_SCORE20_NIKKEIOFF_TP4.0_SL1.0_H1,OOS,222,2.9569837680578672,9.718497765194037,1.3513513513513513,3.2240292295479334,31.32158123218736,0.22996610494122344,0.06397959133081606,1.4126163681895167,3.817788353523593
UP30_SCORE20_NIKKEIOFF_TP4.0_SL1.0_H1,VALIDATION,213,6.036195049082088,5.746260435341621,0.9389671361502347,2.101902520063329,26.115107797485837,0.9661466510908598,0.058206630433215084,1.5466520659225342,3.0108819500916146
UP30_SCORE20_NIKKEIOFF_TP4.0_SL1.0_H3,OOS,101,2.9414405206302634,10.376153621101242,2.9702970297029703,3.4408010653043557,31.390563942674845,-0.5094017036696253,0.06425883819621483,1.3762517004029187,3.8784171258651132
UP30_SCORE20_NIKKEIOFF_TP4.0_SL1.0_H3,VALIDATION,141,6.264219223580311,5.914957179014032,1.4184397163120568,2.130276009205061,27.004081224142517,1.2537672975749847,0.05487043466078657,1.5937171529243161,2.9425977892485333
UP30_SCORE30_NIKKEIOFF_TP2.5_SL1.0_H1,OOS,221,2.6300702886149554,8.981356321212893,0.904977375565611,2.835516772719996,30.183673877527543,1.099778028079674,0.0657727064971883,1.4845406192606985,3.463819274345325
UP30_SCORE30_NIKKEIOFF_TP2.5_SL1.0_H1,VALIDATION,212,4.185112168413991,5.570633017409081,0.9433962264150944,1.93920080639447,25.579062487099463,1.4185778766575132,0.05498301531915249,1.5913756186548138,2.746411490219236
UP30_SCORE30_NIKKEIOFF_TP3.0_SL1.0_H5,OOS,82,3.5132162799776676,10.126294584069853,1.2195121951219512,3.2249765773324515,31.852598532384384,1.5141646212805238,0.0752639749153494,1.5018981280708923,3.4586824479163085
UP30_SCORE30_NIKKEIOFF_TP3.0_SL1.0_H5,VALIDATION,140,4.938382222662229,6.150985164399971,0.7142857142857143,2.1427830118192404,26.64320901826526,1.5071691122976243,0.058088022121484506,1.5827376444078503,2.866716252077684
UP30_SCORE30_NIKKEIOFF_TP3.5_SL1.0_H1,OOS,221,2.9429621433077187,9.735915844482562,0.904977375565611,3.120470223846187,30.912282660796127,0.6481536310799833,0.06371173085910238,1.4308126496065272,3.6851261475410615
UP30_SCORE30_NIKKEIOFF_TP3.5_SL1.0_H1,VALIDATION,212,5.53333974089721,5.695932857389083,0.4716981132075472,2.068446554999107,26.09401855120679,1.021978371944053,0.05621907401287788,1.5484087703697769,2.9412338102899436
UP30_SCORE40_NIKKEIOFF_TP2.5_SL1.0_H1,OOS,217,2.5910647616315385,9.248984700726783,0.9216589861751152,2.93958395151924,30.283225314467877,1.2651676035534856,0.06781945821557599,1.4916840005142225,3.4708668900770268
UP30_SCORE40_NIKKEIOFF_TP2.5_SL1.0_H1,VALIDATION,211,4.173639270150014,5.592238971067716,0.9478672985781991,1.9581115261787787,25.569009557713386,1.4764301796292532,0.05547811713872229,1.5925984930068604,2.7467150637233777
UP30_SCORE40_NIKKEIOFF_TP3.0_SL1.0_H5,OOS,82,3.455409871901241,10.307375931027881,1.2195121951219512,3.4176341436275246,31.966872795225704,1.302416281895705,0.07401215245890018,1.4448384552776572,3.513578214057817
UP30_SCORE40_NIKKEIOFF_TP3.0_SL1.0_H5,VALIDATION,140,4.938382222662229,6.150985164399971,0.7142857142857143,2.1427830118192404,26.64320901826526,1.5071691122976243,0.058088022121484506,1.5827376444078503,2.866716252077684
UP30_SCORE40_NIKKEIOFF_TP3.5_SL1.0_H1,OOS,217,2.899666688065832,10.017453155300965,0.9216589861751152,3.2297900008228724,31.02526467438657,0.8052183328763809,0.06572049224314748,1.436965653539237,3.696253152640426
UP30_SCORE40_NIKKEIOFF_TP3.5_SL1.0_H1,VALIDATION,211,5.5155439520722735,5.7181326491518885,0.47393364928909953,2.0879698138763283,26.08640617188757,1.0779510564100423,0.05672003393052221,1.549428010369762,2.9424607123252264
UP30_SCORE40_NIKKEIOFF_TP4.0_SL1.0_H1,OOS,217,2.9267766075035078,10.04737124436808,1.3824884792626728,3.3590620919347773,31.51438379027059,0.4549744607822471,0.0667939720707691,1.4145245304283254,3.8285902522054673
UP30_SCORE40_NIKKEIOFF_TP4.0_SL1.0_H1,VALIDATION,211,6.012872531168989,5.76966731190457,0.9478672985781991,2.1316345640932433,26.125782399273923,1.0902859429411753,0.05934811590412479,1.5495523386144654,3.0075025523729084
UP30_SCORE50_NIKKEIOFF_TP2.5_SL1.0_H1,OOS,214,2.560940599355606,9.26614763021844,0.9345794392523363,2.947091366468783,30.29084643714731,1.4325760662145155,0.07000116606643852,1.5047329029444594,3.451933423173939
UP30_SCORE50_NIKKEIOFF_TP2.5_SL1.0_H1,VALIDATION,210,4.153311790246393,5.594912643983351,0.9523809523809524,1.9708769483316853,25.581230745979312,1.5519874184971454,0.056379387710782526,1.5939966436277782,2.7399315475081054
UP30_SCORE50_NIKKEIOFF_TP3.0_SL1.0_H5,OOS,83,3.2281847532231076,10.697754746804838,0.0,3.536650388349636,32.76010638333055,1.2533269001601675,0.07433136616897743,1.438662206084688,3.5493013255143575
UP30_SCORE50_NIKKEIOFF_TP3.0_SL1.0_H5,VALIDATION,140,4.938382222662229,6.150985164399971,0.7142857142857143,2.1427830118192404,26.64320901826526,1.5071691122976243,0.058088022121484506,1.5827376444078503,2.866716252077684
UP30_SCORE50_NIKKEIOFF_TP3.5_SL1.0_H1,OOS,214,2.863487289181039,10.045389007053005,0.9345794392523363,3.2413657248748025,31.043288217999443,0.966178908565302,0.06787277533738717,1.4492474763389833,3.680479306240564
UP30_SCORE50_NIKKEIOFF_TP3.5_SL1.0_H1,VALIDATION,210,5.5016064944635215,5.721405815772687,0.4761904761904762,2.101353608827795,26.101091153554325,1.151610775643557,0.05762721839206722,1.5506205872638363,2.9366093182461532
UP30_SCORE50_NIKKEIOFF_TP4.0_SL1.0_H3,OOS,100,2.721109580088763,10.773861629769051,3.0,3.522015288119267,31.80186243655244,0.06191960052362535,0.06815346143524115,1.3970527477619357,3.845276559827499
UP30_SCORE50_NIKKEIOFF_TP4.0_SL1.0_H3,VALIDATION,142,6.1581322592818335,5.911737536790467,1.4084507042253522,2.149168241756118,27.02356440842373,1.2647340024188247,0.05503497725510487,1.5867521764575359,2.940359339815503
UP30_SCORE60_NIKKEIOFF_TP2.5_SL1.0_H1,OOS,204,2.5279235672348186,9.259448669713544,0.49019607843137253,2.9638193443284644,30.240983218815174,1.8143568987630054,0.07600487698480216,1.532983402833534,3.451330178300347
UP30_SCORE60_NIKKEIOFF_TP2.5_SL1.0_H1,VALIDATION,205,4.110975381710215,5.668307976150407,0.4878048780487805,2.001003192729973,25.712639182052737,1.7169661458667664,0.058463126616072364,1.5955873512084418,2.748328858030453
UP30_SCORE60_NIKKEIOFF_TP3.0_SL1.0_H5,OOS,82,3.1072389045041042,10.227481973435916,0.0,3.410392795809183,32.1483687833585,2.0471707129515804,0.0865313022701847,1.527165891808533,3.4713244091265407
UP30_SCORE60_NIKKEIOFF_TP3.0_SL1.0_H5,VALIDATION,138,4.951663959668122,6.223443611383065,0.0,2.172798798548956,26.8408262034665,1.5398011359735608,0.05929425128574451,1.5936674429854754,2.888350099357768
UP30_SCORE60_NIKKEIOFF_TP3.5_SL1.0_H1,OOS,204,2.860302955500437,10.079209939375037,0.49019607843137253,3.2497649107344846,30.997034258375837,1.4491300642673903,0.07501248266608292,1.487535541718889,3.666221339305772
UP30_SCORE60_NIKKEIOFF_TP3.5_SL1.0_H1,VALIDATION,205,5.290650703580128,5.751107685831976,0.4878048780487805,2.1683214027340236,26.188716322365636,1.4046531503192519,0.05987029785823602,1.5509583322111506,2.909352268121554
